UDI,Product ID,Type,Air temperature [K],Process temperature [K],Rotational speed [rpm],Torque [Nm],Tool wear [min],Target,Failure Type,Current Status
871.0,P00871,H,303.1,309.4,1590.0,49.5,200.0,1.0,Mechanical Failure,
675.0,P00675,L,303.7,309.1,1558.0,45.4,222.0,1.0,Power Failure,
364.0,P00364,L,299.5,303.2,1503.0,38.7,176.0,0.0,No Failure,
618.0,P00618,L,304.6,308.5,1575.0,49.7,233.0,1.0,Mechanical Failure,
812.0,P00812,M,303.7,309.4,1585.0,49.1,246.0,1.0,Mechanical Failure,
126.0,P00126,M,295.8,301.4,1419.0,39.8,45.0,0.0,No Failure,
237.0,P00237,L,295.4,307.8,1456.0,31.7,104.0,0.0,No Failure,
174.0,P00174,M,298.0,304.3,1442.0,31.4,96.0,0.0,No Failure,
589.0,P00589,M,304.8,309.0,1597.0,48.8,200.0,1.0,Power Failure,
653.0,P00653,M,303.0,308.8,1572.0,45.6,225.0,1.0,Mechanical Failure,
852.0,P00852,L,304.7,309.8,1597.0,49.5,237.0,1.0,Power Failure,
808.0,P00808,H,303.0,308.9,1575.0,49.1,214.0,1.0,Mechanical Failure,
238.0,P00238,M,297.3,304.5,1426.0,38.0,106.0,0.0,No Failure,
19.0,P00019,H,299.9,300.6,1424.0,36.6,159.0,0.0,No Failure,
492.0,P00492,L,297.4,302.0,1477.0,30.7,107.0,0.0,No Failure,
517.0,P00517,M,303.2,308.2,1550.0,47.7,200.0,1.0,Heat Failure,
869.0,P00869,M,303.8,309.4,1583.0,49.0,212.0,1.0,Heat Failure,
686.0,P00686,H,304.5,308.4,1585.0,46.0,227.0,1.0,Mechanical Failure,
637.0,P00637,H,303.6,309.2,1591.0,46.8,234.0,1.0,Power Failure,
157.0,P00157,H,301.8,305.5,1427.0,43.5,91.0,0.0,No Failure,
216.0,P00216,H,297.1,305.9,1454.0,40.0,183.0,0.0,No Failure,
460.0,P00460,L,298.7,307.8,1481.0,43.2,30.0,0.0,No Failure,
932.0,P00932,M,304.4,309.5,1559.0,47.5,221.0,1.0,Mechanical Failure,
25.0,P00025,L,299.7,307.0,1493.0,43.0,47.0,0.0,No Failure,
992.0,P00992,M,303.0,308.6,1576.0,46.2,217.0,1.0,Heat Failure,
505.0,P00505,M,303.5,308.7,1575.0,46.4,238.0,1.0,Power Failure,
795.0,P00795,L,303.4,308.3,1554.0,47.4,213.0,1.0,Mechanical Failure,
959.0,P00959,H,303.8,309.5,1551.0,45.2,246.0,1.0,Mechanical Failure,
325.0,P00325,H,299.7,305.9,1529.0,35.3,172.0,0.0,No Failure,
72.0,P00072,L,300.9,305.7,1474.0,33.1,60.0,0.0,No Failure,
974.0,P00974,M,304.9,309.5,1576.0,47.1,218.0,1.0,Power Failure,
933.0,P00933,L,304.7,308.3,1551.0,45.5,217.0,1.0,Heat Failure,
585.0,P00585,L,303.8,309.7,1574.0,48.2,244.0,1.0,Power Failure,
314.0,P00314,H,295.3,303.4,1413.0,38.8,138.0,0.0,No Failure,
630.0,P00630,H,303.6,309.4,1580.0,49.1,215.0,1.0,Heat Failure,
347.0,P00347,M,300.4,301.6,1546.0,42.2,108.0,0.0,No Failure,
251.0,P00251,L,301.4,300.2,1419.0,35.5,126.0,0.0,No Failure,
374.0,P00374,H,299.6,307.0,1504.0,36.3,163.0,0.0,No Failure,
134.0,P00134,H,301.8,307.6,1493.0,36.8,187.0,0.0,No Failure,
406.0,P00406,M,300.5,302.7,1431.0,44.6,121.0,0.0,No Failure,
70.0,P00070,M,299.6,305.4,1474.0,32.1,160.0,0.0,No Failure,
523.0,P00523,H,304.4,308.3,1565.0,46.7,242.0,1.0,Power Failure,
569.0,P00569,M,303.4,308.8,1562.0,46.7,228.0,1.0,Mechanical Failure,
750.0,P00750,M,304.0,309.3,1572.0,45.5,211.0,1.0,Power Failure,
182.0,P00182,L,300.6,302.1,1458.0,34.2,70.0,0.0,No Failure,
473.0,P00473,M,300.0,300.1,1425.0,41.5,20.0,0.0,No Failure,
332.0,P00332,L,300.1,303.7,1541.0,32.5,117.0,0.0,No Failure,
318.0,P00318,L,295.9,305.2,1543.0,31.3,134.0,0.0,No Failure,
656.0,P00656,M,304.4,310.0,1586.0,46.2,241.0,1.0,Mechanical Failure,
556.0,P00556,M,303.6,308.2,1585.0,45.1,219.0,1.0,Mechanical Failure,
746.0,P00746,M,303.0,309.9,1577.0,50.0,224.0,1.0,Heat Failure,
27.0,P00027,M,295.3,307.8,1469.0,36.5,74.0,0.0,No Failure,
139.0,P00139,M,297.9,305.3,1538.0,30.6,51.0,0.0,No Failure,
881.0,P00881,M,303.3,308.6,1577.0,47.9,214.0,1.0,Mechanical Failure,
565.0,P00565,H,303.0,309.8,1556.0,49.0,228.0,1.0,Mechanical Failure,
489.0,P00489,L,300.7,300.9,1502.0,41.3,70.0,0.0,No Failure,
279.0,P00279,L,297.2,307.0,1547.0,36.0,110.0,0.0,No Failure,
56.0,P00056,M,298.5,301.7,1509.0,37.3,177.0,0.0,No Failure,
799.0,P00799,L,303.3,309.7,1569.0,46.8,213.0,1.0,Power Failure,
185.0,P00185,L,299.8,301.3,1450.0,43.4,93.0,0.0,No Failure,
900.0,P00900,L,304.1,309.3,1584.0,47.8,203.0,1.0,Mechanical Failure,
123.0,P00123,M,302.8,303.1,1493.0,33.5,6.0,0.0,No Failure,
448.0,P00448,M,297.3,304.1,1491.0,30.6,157.0,0.0,No Failure,
359.0,P00359,M,300.8,303.1,1494.0,38.1,150.0,0.0,No Failure,
15.0,P00015,L,296.9,300.7,1531.0,31.7,123.0,0.0,No Failure,
633.0,P00633,H,304.5,308.7,1566.0,49.8,200.0,1.0,Mechanical Failure,
595.0,P00595,M,304.0,309.5,1592.0,47.7,228.0,1.0,Mechanical Failure,
444.0,P00444,M,295.1,306.0,1472.0,40.7,178.0,0.0,No Failure,
319.0,P00319,L,298.1,306.2,1489.0,31.8,0.0,0.0,No Failure,
745.0,P00745,H,303.2,310.0,1593.0,47.2,246.0,1.0,Heat Failure,
829.0,P00829,L,304.7,308.9,1579.0,49.4,214.0,1.0,Mechanical Failure,
221.0,P00221,L,301.1,307.3,1515.0,33.2,143.0,0.0,No Failure,
197.0,P00197,L,299.3,304.9,1445.0,39.0,113.0,0.0,No Failure,
167.0,P00167,M,296.7,301.8,1495.0,31.3,145.0,0.0,No Failure,
417.0,P00417,M,297.9,307.1,1420.0,41.3,126.0,0.0,No Failure,
613.0,P00613,M,304.5,309.4,1562.0,47.6,220.0,1.0,Mechanical Failure,
317.0,P00317,M,296.6,304.2,1488.0,33.9,0.0,0.0,No Failure,
747.0,P00747,H,303.3,309.7,1551.0,49.2,249.0,1.0,Mechanical Failure,
94.0,P00094,H,298.7,303.5,1473.0,42.5,54.0,0.0,No Failure,
793.0,P00793,M,304.1,309.6,1579.0,47.2,232.0,1.0,Heat Failure,
536.0,P00536,L,304.0,309.1,1576.0,46.4,207.0,1.0,Mechanical Failure,
884.0,P00884,L,303.5,308.5,1550.0,48.3,205.0,1.0,Heat Failure,
355.0,P00355,M,300.3,305.8,1527.0,30.8,28.0,0.0,No Failure,
962.0,P00962,L,304.9,308.8,1558.0,47.0,231.0,1.0,Mechanical Failure,
422.0,P00422,L,296.4,306.3,1414.0,40.0,31.0,0.0,No Failure,
388.0,P00388,M,296.6,303.3,1505.0,40.0,198.0,0.0,No Failure,
943.0,P00943,M,304.4,308.2,1578.0,45.4,245.0,1.0,Mechanical Failure,
588.0,P00588,L,304.9,308.5,1577.0,45.9,217.0,1.0,Mechanical Failure,
567.0,P00567,L,303.8,308.6,1597.0,45.2,207.0,1.0,Power Failure,
14.0,P00014,L,301.3,302.5,1528.0,42.9,49.0,0.0,No Failure,
257.0,P00257,H,299.7,304.7,1422.0,35.0,40.0,0.0,No Failure,
127.0,P00127,H,299.1,305.9,1434.0,38.0,85.0,0.0,No Failure,
394.0,P00394,L,295.7,304.9,1443.0,32.8,43.0,0.0,No Failure,
755.0,P00755,M,304.7,309.2,1597.0,47.4,237.0,1.0,Heat Failure,
74.0,P00074,M,299.3,307.6,1455.0,38.2,88.0,0.0,No Failure,
240.0,P00240,M,295.9,304.2,1532.0,34.0,79.0,0.0,No Failure,
626.0,P00626,H,303.3,308.2,1565.0,48.1,216.0,1.0,Heat Failure,
819.0,P00819,L,304.3,308.0,1551.0,46.9,211.0,1.0,Mechanical Failure,
171.0,P00171,H,302.5,305.2,1446.0,38.4,58.0,0.0,No Failure,
861.0,P00861,L,303.9,308.9,1559.0,46.1,242.0,1.0,Heat Failure,
495.0,P00495,M,298.0,301.2,1404.0,41.4,130.0,0.0,No Failure,
883.0,P00883,L,304.7,308.7,1576.0,45.7,226.0,1.0,Heat Failure,
691.0,P00691,L,304.8,308.8,1594.0,46.3,214.0,1.0,Mechanical Failure,
659.0,P00659,M,303.0,309.4,1582.0,49.3,227.0,1.0,Mechanical Failure,
88.0,P00088,M,300.8,305.8,1458.0,31.9,56.0,0.0,No Failure,
538.0,P00538,L,303.9,309.5,1553.0,48.6,215.0,1.0,Mechanical Failure,
539.0,P00539,M,305.0,309.6,1573.0,48.9,238.0,1.0,Power Failure,
940.0,P00940,M,304.7,309.4,1598.0,46.2,229.0,1.0,Heat Failure,
846.0,P00846,H,304.8,309.7,1589.0,49.5,240.0,1.0,Mechanical Failure,
280.0,P00280,H,296.5,304.0,1508.0,35.1,100.0,0.0,No Failure,
566.0,P00566,H,304.3,308.8,1578.0,46.5,244.0,1.0,Heat Failure,
458.0,P00458,M,299.2,304.8,1425.0,41.5,1.0,0.0,No Failure,
375.0,P00375,L,297.7,300.3,1409.0,41.0,146.0,0.0,No Failure,
911.0,P00911,M,304.3,308.2,1551.0,46.9,223.0,1.0,Power Failure,
965.0,P00965,M,304.2,310.0,1552.0,48.9,233.0,1.0,Heat Failure,
20.0,P00020,L,302.9,303.4,1530.0,30.7,21.0,0.0,No Failure,
48.0,P00048,M,296.5,300.1,1442.0,33.8,13.0,0.0,No Failure,
859.0,P00859,L,304.5,308.2,1579.0,49.6,222.0,1.0,Mechanical Failure,
63.0,P00063,L,297.2,305.1,1510.0,43.1,41.0,0.0,No Failure,
270.0,P00270,L,298.6,305.1,1540.0,36.6,25.0,0.0,No Failure,
64.0,P00064,M,302.9,304.0,1511.0,34.5,192.0,0.0,No Failure,
798.0,P00798,L,304.9,308.5,1564.0,48.2,227.0,1.0,Mechanical Failure,
358.0,P00358,H,295.1,306.5,1416.0,35.5,23.0,0.0,No Failure,
968.0,P00968,L,304.1,309.3,1571.0,47.0,246.0,1.0,Heat Failure,
954.0,P00954,L,304.3,309.5,1575.0,45.1,208.0,1.0,Power Failure,
377.0,P00377,H,299.1,307.0,1438.0,31.1,153.0,0.0,No Failure,
862.0,P00862,L,303.8,309.5,1592.0,47.8,217.0,1.0,Mechanical Failure,
269.0,P00269,M,296.4,301.4,1536.0,32.1,165.0,0.0,No Failure,
441.0,P00441,L,298.3,305.9,1425.0,42.2,193.0,0.0,No Failure,
84.0,P00084,M,302.0,302.1,1472.0,32.4,12.0,0.0,No Failure,
124.0,P00124,H,295.0,306.3,1548.0,30.7,173.0,0.0,No Failure,
602.0,P00602,M,304.7,308.9,1569.0,49.7,224.0,1.0,Mechanical Failure,
889.0,P00889,M,304.3,309.0,1575.0,49.7,235.0,1.0,Heat Failure,
685.0,P00685,L,304.2,308.5,1589.0,47.1,216.0,1.0,Power Failure,
598.0,P00598,H,303.4,308.2,1597.0,48.1,242.0,1.0,Power Failure,
790.0,P00790,H,303.1,309.5,1582.0,49.9,238.0,1.0,Mechanical Failure,
802.0,P00802,H,303.1,308.5,1580.0,49.5,215.0,1.0,Power Failure,
560.0,P00560,M,303.1,308.3,1574.0,45.2,214.0,1.0,Mechanical Failure,
324.0,P00324,L,295.9,302.8,1471.0,41.8,86.0,0.0,No Failure,
947.0,P00947,M,303.7,309.5,1557.0,48.0,240.0,1.0,Mechanical Failure,
368.0,P00368,M,297.2,307.0,1453.0,40.1,157.0,0.0,No Failure,
890.0,P00890,M,304.0,309.4,1573.0,49.0,209.0,1.0,Heat Failure,
225.0,P00225,L,295.1,302.9,1530.0,33.4,163.0,0.0,No Failure,
743.0,P00743,L,304.9,309.0,1562.0,47.7,246.0,1.0,Mechanical Failure,
229.0,P00229,M,300.6,302.6,1435.0,31.1,14.0,0.0,No Failure,
3.0,P00003,M,298.2,300.1,1480.0,39.2,111.0,0.0,No Failure,
85.0,P00085,M,302.2,306.7,1476.0,37.3,118.0,0.0,No Failure,
316.0,P00316,L,299.2,302.4,1489.0,39.6,14.0,0.0,No Failure,
643.0,P00643,M,303.5,308.1,1553.0,47.5,229.0,1.0,Heat Failure,
908.0,P00908,H,303.3,308.8,1589.0,46.1,233.0,1.0,Mechanical Failure,
107.0,P00107,H,301.8,301.7,1417.0,44.2,162.0,0.0,No Failure,
164.0,P00164,M,297.7,302.1,1511.0,37.9,120.0,0.0,No Failure,
766.0,P00766,L,304.2,309.0,1585.0,46.3,207.0,1.0,Power Failure,
590.0,P00590,H,303.5,308.9,1569.0,46.7,224.0,1.0,Power Failure,
831.0,P00831,L,303.5,309.0,1584.0,49.6,247.0,1.0,Heat Failure,
971.0,P00971,L,304.8,309.5,1591.0,46.4,225.0,1.0,Mechanical Failure,
362.0,P00362,H,298.6,300.6,1437.0,30.1,104.0,0.0,No Failure,
761.0,P00761,M,303.8,308.5,1588.0,45.1,233.0,1.0,Heat Failure,
601.0,P00601,L,303.3,308.2,1586.0,48.5,205.0,1.0,Power Failure,
877.0,P00877,L,303.2,308.6,1557.0,47.6,201.0,1.0,Mechanical Failure,
515.0,P00515,L,303.7,309.4,1558.0,46.2,220.0,1.0,Heat Failure,
662.0,P00662,L,304.1,308.9,1565.0,48.6,216.0,1.0,Mechanical Failure,
730.0,P00730,L,304.7,308.6,1559.0,49.5,225.0,1.0,Mechanical Failure,
570.0,P00570,L,304.3,309.7,1552.0,45.5,201.0,1.0,Power Failure,
993.0,P00993,H,304.4,309.0,1556.0,45.9,241.0,1.0,Mechanical Failure,
800.0,P00800,M,304.0,308.1,1557.0,48.0,235.0,1.0,Heat Failure,
181.0,P00181,M,297.1,300.9,1477.0,38.0,166.0,0.0,No Failure,
600.0,P00600,H,303.9,308.5,1571.0,47.0,218.0,1.0,Power Failure,
879.0,P00879,L,303.4,309.3,1594.0,46.3,225.0,1.0,Heat Failure,
196.0,P00196,L,301.6,307.7,1414.0,32.6,83.0,0.0,No Failure,
664.0,P00664,M,303.3,308.2,1565.0,47.0,219.0,1.0,Mechanical Failure,
510.0,P00510,M,304.3,308.1,1567.0,47.2,230.0,1.0,Mechanical Failure,
121.0,P00121,M,297.3,300.8,1541.0,37.8,174.0,0.0,No Failure,
40.0,P00040,M,300.1,306.4,1473.0,34.0,79.0,0.0,No Failure,
923.0,P00923,M,303.8,309.8,1591.0,48.5,229.0,1.0,Heat Failure,
801.0,P00801,L,303.4,308.2,1598.0,46.6,237.0,1.0,Heat Failure,
555.0,P00555,L,305.0,308.3,1570.0,48.4,236.0,1.0,Heat Failure,
666.0,P00666,H,303.9,309.5,1550.0,46.8,212.0,1.0,Heat Failure,
832.0,P00832,H,303.5,309.9,1570.0,46.7,220.0,1.0,Mechanical Failure,
393.0,P00393,H,302.4,302.9,1460.0,40.1,92.0,0.0,No Failure,
143.0,P00143,H,297.2,305.0,1475.0,41.4,182.0,0.0,No Failure,
612.0,P00612,L,304.4,308.0,1569.0,46.3,249.0,1.0,Heat Failure,
323.0,P00323,H,300.8,300.6,1482.0,40.5,25.0,0.0,No Failure,
841.0,P00841,H,303.9,308.8,1573.0,49.5,220.0,1.0,Power Failure,
616.0,P00616,M,303.5,309.6,1590.0,48.2,243.0,1.0,Mechanical Failure,
682.0,P00682,H,303.8,309.2,1595.0,49.0,201.0,1.0,Heat Failure,
320.0,P00320,H,301.7,306.1,1413.0,33.4,48.0,0.0,No Failure,
284.0,P00284,M,295.6,302.3,1493.0,31.1,154.0,0.0,No Failure,
350.0,P00350,H,299.0,303.4,1414.0,31.7,133.0,0.0,No Failure,
61.0,P00061,L,296.2,302.1,1477.0,30.4,188.0,0.0,No Failure,
369.0,P00369,M,298.0,300.3,1419.0,35.9,171.0,0.0,No Failure,
256.0,P00256,H,299.4,307.1,1529.0,39.2,134.0,0.0,No Failure,
513.0,P00513,H,304.0,309.4,1598.0,47.1,212.0,1.0,Power Failure,
740.0,P00740,M,305.0,309.1,1576.0,49.3,229.0,1.0,Mechanical Failure,
811.0,P00811,M,304.2,309.4,1575.0,47.4,242.0,1.0,Heat Failure,
397.0,P00397,L,295.0,300.2,1456.0,33.2,157.0,0.0,No Failure,
987.0,P00987,L,304.2,309.4,1585.0,47.5,241.0,1.0,Mechanical Failure,
676.0,P00676,H,303.8,309.9,1562.0,47.8,210.0,1.0,Power Failure,
187.0,P00187,L,302.6,300.5,1429.0,33.7,34.0,0.0,No Failure,
650.0,P00650,L,303.3,309.0,1553.0,49.5,240.0,1.0,Power Failure,
780.0,P00780,L,303.5,308.3,1596.0,47.9,237.0,1.0,Mechanical Failure,
399.0,P00399,H,299.2,301.8,1506.0,32.7,153.0,0.0,No Failure,
282.0,P00282,M,297.2,302.7,1539.0,42.9,61.0,0.0,No Failure,
116.0,P00116,M,300.7,302.2,1418.0,32.8,197.0,0.0,No Failure,
658.0,P00658,H,304.8,308.7,1597.0,49.1,200.0,1.0,Heat Failure,
624.0,P00624,L,305.0,308.3,1571.0,48.9,210.0,1.0,Mechanical Failure,
163.0,P00163,L,300.5,302.9,1524.0,31.2,153.0,0.0,No Failure,
380.0,P00380,L,298.1,304.1,1466.0,40.9,130.0,0.0,No Failure,
423.0,P00423,M,302.6,300.1,1519.0,30.7,63.0,0.0,No Failure,
749.0,P00749,L,303.4,308.9,1583.0,49.1,205.0,1.0,Heat Failure,
586.0,P00586,H,304.9,309.2,1570.0,48.8,243.0,1.0,Mechanical Failure,
328.0,P00328,H,302.0,304.4,1498.0,32.9,70.0,0.0,No Failure,
37.0,P00037,L,296.2,300.8,1414.0,42.2,136.0,0.0,No Failure,
42.0,P00042,L,298.6,306.9,1468.0,34.8,69.0,0.0,No Failure,
138.0,P00138,H,302.4,302.0,1467.0,34.9,90.0,0.0,No Failure,
226.0,P00226,M,299.9,306.9,1501.0,34.2,168.0,0.0,No Failure,
928.0,P00928,M,304.5,308.5,1573.0,45.8,245.0,1.0,Heat Failure,
815.0,P00815,M,303.2,308.0,1564.0,49.5,201.0,1.0,Power Failure,
268.0,P00268,H,301.2,303.6,1450.0,35.1,133.0,0.0,No Failure,
26.0,P00026,M,297.4,301.9,1421.0,39.9,182.0,0.0,No Failure,
935.0,P00935,L,304.5,309.5,1572.0,45.5,222.0,1.0,Heat Failure,
692.0,P00692,L,304.0,309.0,1555.0,46.0,231.0,1.0,Heat Failure,
433.0,P00433,M,297.8,301.4,1546.0,40.3,94.0,0.0,No Failure,
765.0,P00765,L,303.9,308.6,1568.0,46.7,225.0,1.0,Power Failure,
161.0,P00161,M,295.6,305.6,1457.0,39.1,154.0,0.0,No Failure,
946.0,P00946,M,304.2,309.3,1582.0,49.2,237.0,1.0,Power Failure,
857.0,P00857,H,303.6,309.5,1572.0,47.8,230.0,1.0,Heat Failure,
99.0,P00099,H,298.7,304.7,1474.0,37.9,61.0,0.0,No Failure,
895.0,P00895,L,303.3,308.6,1597.0,46.0,242.0,1.0,Heat Failure,
131.0,P00131,M,299.3,304.9,1403.0,37.3,122.0,0.0,No Failure,
851.0,P00851,H,303.8,308.5,1555.0,49.4,232.0,1.0,Heat Failure,
809.0,P00809,L,304.6,308.8,1582.0,47.3,243.0,1.0,Mechanical Failure,
657.0,P00657,L,304.3,308.9,1557.0,48.6,220.0,1.0,Mechanical Failure,
735.0,P00735,L,303.5,309.6,1591.0,45.6,220.0,1.0,Power Failure,
977.0,P00977,L,303.1,309.7,1578.0,49.5,218.0,1.0,Power Failure,
858.0,P00858,H,303.4,309.0,1595.0,45.5,217.0,1.0,Heat Failure,
742.0,P00742,M,303.5,308.7,1577.0,48.1,218.0,1.0,Mechanical Failure,
103.0,P00103,H,296.5,300.2,1444.0,44.8,64.0,0.0,No Failure,
159.0,P00159,H,299.2,307.6,1409.0,39.5,17.0,0.0,No Failure,
632.0,P00632,L,303.3,309.3,1576.0,48.9,244.0,1.0,Heat Failure,
596.0,P00596,L,303.6,309.1,1560.0,50.0,230.0,1.0,Mechanical Failure,
696.0,P00696,M,303.9,308.1,1588.0,46.9,229.0,1.0,Mechanical Failure,
860.0,P00860,L,303.5,309.9,1570.0,45.7,221.0,1.0,Power Failure,
414.0,P00414,M,299.5,301.9,1412.0,43.3,105.0,0.0,No Failure,
407.0,P00407,M,302.1,304.0,1485.0,36.6,42.0,0.0,No Failure,
462.0,P00462,H,295.4,304.5,1416.0,37.8,129.0,0.0,No Failure,
880.0,P00880,M,303.5,308.5,1573.0,45.2,222.0,1.0,Heat Failure,
293.0,P00293,M,298.7,300.2,1525.0,44.2,136.0,0.0,No Failure,
4.0,P00004,L,298.4,302.9,1409.0,38.5,94.0,0.0,No Failure,
502.0,P00502,L,304.2,309.8,1561.0,49.1,216.0,1.0,Mechanical Failure,
668.0,P00668,H,304.2,308.3,1567.0,47.5,224.0,1.0,Mechanical Failure,
688.0,P00688,L,303.3,309.8,1573.0,45.9,221.0,1.0,Mechanical Failure,
165.0,P00165,L,296.7,307.6,1483.0,36.0,114.0,0.0,No Failure,
945.0,P00945,L,303.7,308.7,1572.0,47.5,228.0,1.0,Mechanical Failure,
763.0,P00763,M,304.6,309.1,1552.0,46.4,223.0,1.0,Power Failure,
329.0,P00329,L,296.6,307.4,1471.0,30.9,139.0,0.0,No Failure,
9.0,P00009,L,295.4,305.8,1544.0,33.7,193.0,0.0,No Failure,
655.0,P00655,L,304.6,308.2,1571.0,49.5,248.0,1.0,Heat Failure,
936.0,P00936,L,303.1,308.3,1555.0,48.1,244.0,1.0,Heat Failure,
983.0,P00983,L,303.2,309.6,1562.0,49.6,229.0,1.0,Power Failure,
179.0,P00179,L,299.3,303.2,1483.0,30.4,17.0,0.0,No Failure,
788.0,P00788,H,303.9,309.8,1554.0,45.7,229.0,1.0,Mechanical Failure,
75.0,P00075,H,295.4,300.4,1421.0,34.3,188.0,0.0,No Failure,
734.0,P00734,M,304.4,308.3,1566.0,49.7,214.0,1.0,Heat Failure,
694.0,P00694,M,304.8,308.5,1554.0,45.4,223.0,1.0,Mechanical Failure,
593.0,P00593,M,303.5,309.3,1567.0,49.0,243.0,1.0,Power Failure,
912.0,P00912,M,304.1,309.7,1564.0,49.2,238.0,1.0,Heat Failure,
413.0,P00413,H,299.2,305.6,1536.0,39.8,40.0,0.0,No Failure,
431.0,P00431,M,302.8,305.3,1478.0,33.9,7.0,0.0,No Failure,
870.0,P00870,M,303.9,309.4,1588.0,47.3,244.0,1.0,Mechanical Failure,
683.0,P00683,M,304.4,309.9,1556.0,48.5,234.0,1.0,Mechanical Failure,
721.0,P00721,H,304.8,309.4,1580.0,45.7,222.0,1.0,Power Failure,
379.0,P00379,H,295.9,300.1,1518.0,42.6,37.0,0.0,No Failure,
206.0,P00206,M,295.3,307.4,1419.0,31.3,63.0,0.0,No Failure,
354.0,P00354,L,303.0,300.5,1451.0,43.8,126.0,0.0,No Failure,
997.0,P00997,L,303.7,309.2,1572.0,48.1,236.0,1.0,Power Failure,
427.0,P00427,H,298.9,300.0,1496.0,30.4,92.0,0.0,No Failure,
59.0,P00059,L,301.0,304.3,1467.0,44.5,24.0,0.0,No Failure,
868.0,P00868,H,304.2,308.7,1573.0,49.9,219.0,1.0,Heat Failure,
648.0,P00648,L,303.9,308.5,1579.0,48.3,204.0,1.0,Mechanical Failure,
98.0,P00098,L,302.2,306.4,1537.0,44.5,86.0,0.0,No Failure,
376.0,P00376,L,300.8,302.1,1409.0,37.8,134.0,0.0,No Failure,
456.0,P00456,L,302.1,300.5,1521.0,43.1,47.0,0.0,No Failure,
454.0,P00454,L,300.4,307.3,1418.0,39.6,183.0,0.0,No Failure,
824.0,P00824,H,304.9,309.5,1571.0,49.3,247.0,1.0,Mechanical Failure,
292.0,P00292,M,299.7,307.3,1463.0,38.4,101.0,0.0,No Failure,
81.0,P00081,M,298.5,305.9,1412.0,37.4,14.0,0.0,No Failure,
322.0,P00322,H,299.8,302.3,1542.0,42.6,156.0,0.0,No Failure,
873.0,P00873,L,304.0,309.8,1564.0,47.6,223.0,1.0,Mechanical Failure,
35.0,P00035,M,297.0,307.2,1449.0,42.9,74.0,0.0,No Failure,
955.0,P00955,M,303.7,308.4,1596.0,45.6,207.0,1.0,Mechanical Failure,
611.0,P00611,M,304.9,309.1,1572.0,45.1,201.0,1.0,Power Failure,
283.0,P00283,L,300.8,305.8,1545.0,31.2,111.0,0.0,No Failure,
814.0,P00814,M,303.6,309.5,1550.0,49.3,213.0,1.0,Power Failure,
447.0,P00447,L,302.1,300.9,1477.0,39.6,152.0,0.0,No Failure,
645.0,P00645,M,304.8,309.6,1553.0,47.4,226.0,1.0,Mechanical Failure,
363.0,P00363,M,296.6,307.5,1469.0,32.5,168.0,0.0,No Failure,
552.0,P00552,L,303.3,308.3,1571.0,48.9,222.0,1.0,Mechanical Failure,
615.0,P00615,H,304.0,309.9,1593.0,49.6,223.0,1.0,Mechanical Failure,
699.0,P00699,H,303.8,309.5,1592.0,47.1,213.0,1.0,Power Failure,
136.0,P00136,L,295.3,305.7,1490.0,40.6,3.0,0.0,No Failure,
49.0,P00049,L,300.7,301.2,1419.0,32.9,23.0,0.0,No Failure,
89.0,P00089,M,299.9,305.1,1440.0,36.5,198.0,0.0,No Failure,
558.0,P00558,M,303.4,308.8,1587.0,48.2,228.0,1.0,Mechanical Failure,
757.0,P00757,L,304.4,309.9,1560.0,49.4,240.0,1.0,Power Failure,
951.0,P00951,L,303.1,308.9,1559.0,48.1,236.0,1.0,Mechanical Failure,
778.0,P00778,M,303.4,309.1,1589.0,46.2,202.0,1.0,Heat Failure,
820.0,P00820,L,303.5,309.9,1550.0,46.7,201.0,1.0,Heat Failure,
771.0,P00771,H,303.5,309.0,1567.0,46.9,203.0,1.0,Heat Failure,
2.0,P00002,H,295.7,304.0,1430.0,32.2,73.0,0.0,No Failure,
65.0,P00065,M,298.1,300.5,1502.0,31.4,163.0,0.0,No Failure,
54.0,P00054,M,302.6,307.4,1473.0,32.9,178.0,0.0,No Failure,
926.0,P00926,H,303.3,309.9,1599.0,47.6,226.0,1.0,Mechanical Failure,
777.0,P00777,M,303.4,309.1,1561.0,48.3,224.0,1.0,Heat Failure,
255.0,P00255,L,295.4,302.3,1440.0,39.8,63.0,0.0,No Failure,
969.0,P00969,M,304.7,309.1,1598.0,49.4,245.0,1.0,Power Failure,
410.0,P00410,L,302.5,301.0,1408.0,32.4,48.0,0.0,No Failure,
835.0,P00835,M,304.0,309.4,1552.0,45.0,243.0,1.0,Mechanical Failure,
232.0,P00232,L,297.6,306.9,1466.0,35.1,164.0,0.0,No Failure,
901.0,P00901,M,303.8,308.8,1568.0,48.3,235.0,1.0,Power Failure,
213.0,P00213,M,299.2,306.0,1456.0,35.5,162.0,0.0,No Failure,
636.0,P00636,L,304.8,309.0,1599.0,47.3,219.0,1.0,Mechanical Failure,
150.0,P00150,H,295.3,304.0,1438.0,38.1,76.0,0.0,No Failure,
52.0,P00052,M,295.2,303.6,1481.0,42.1,55.0,0.0,No Failure,
464.0,P00464,H,297.7,304.9,1443.0,41.2,3.0,0.0,No Failure,
697.0,P00697,H,303.5,308.3,1587.0,48.6,205.0,1.0,Mechanical Failure,
874.0,P00874,L,303.3,309.0,1599.0,47.4,235.0,1.0,Heat Failure,
154.0,P00154,L,300.0,301.8,1512.0,37.4,100.0,0.0,No Failure,
769.0,P00769,H,303.9,308.4,1577.0,47.6,201.0,1.0,Power Failure,
425.0,P00425,H,297.8,306.9,1405.0,39.3,12.0,0.0,No Failure,
975.0,P00975,H,304.3,309.7,1582.0,46.1,226.0,1.0,Power Failure,
96.0,P00096,H,302.5,303.5,1498.0,41.8,12.0,0.0,No Failure,
443.0,P00443,L,296.5,303.5,1524.0,41.3,79.0,0.0,No Failure,
302.0,P00302,L,299.2,302.1,1471.0,39.1,76.0,0.0,No Failure,
401.0,P00401,L,301.1,306.8,1489.0,36.0,36.0,0.0,No Failure,
114.0,P00114,L,297.9,305.9,1527.0,33.2,137.0,0.0,No Failure,
631.0,P00631,M,304.9,308.9,1570.0,46.3,232.0,1.0,Heat Failure,
242.0,P00242,M,301.8,305.6,1482.0,43.1,183.0,0.0,No Failure,
7.0,P00007,L,302.2,307.1,1458.0,43.7,26.0,0.0,No Failure,
532.0,P00532,H,303.9,309.2,1572.0,46.1,241.0,1.0,Heat Failure,
291.0,P00291,L,302.3,303.1,1410.0,31.9,124.0,0.0,No Failure,
475.0,P00475,M,301.8,304.7,1426.0,34.7,130.0,0.0,No Failure,
45.0,P00045,L,300.0,302.1,1522.0,30.7,146.0,0.0,No Failure,
345.0,P00345,L,302.9,307.1,1412.0,37.6,99.0,0.0,No Failure,
706.0,P00706,M,303.7,309.4,1595.0,49.0,243.0,1.0,Power Failure,
760.0,P00760,L,303.1,309.0,1558.0,45.3,248.0,1.0,Power Failure,
898.0,P00898,H,303.5,308.6,1552.0,49.9,203.0,1.0,Mechanical Failure,
482.0,P00482,L,296.1,306.2,1450.0,44.0,173.0,0.0,No Failure,
584.0,P00584,H,304.3,309.3,1579.0,46.1,205.0,1.0,Power Failure,
582.0,P00582,M,304.9,308.7,1598.0,49.7,246.0,1.0,Power Failure,
39.0,P00039,L,295.2,305.1,1407.0,43.7,129.0,0.0,No Failure,
607.0,P00607,M,304.9,308.7,1555.0,47.5,236.0,1.0,Heat Failure,
101.0,P00101,M,302.4,305.3,1437.0,35.4,28.0,0.0,No Failure,
813.0,P00813,L,304.2,309.4,1589.0,45.6,234.0,1.0,Power Failure,
77.0,P00077,M,295.4,301.4,1418.0,42.6,69.0,0.0,No Failure,
155.0,P00155,H,296.1,305.5,1476.0,38.7,158.0,0.0,No Failure,
918.0,P00918,H,304.8,309.0,1552.0,45.8,237.0,1.0,Heat Failure,
311.0,P00311,H,302.3,304.2,1543.0,40.9,46.0,0.0,No Failure,
736.0,P00736,M,304.3,308.4,1562.0,46.1,217.0,1.0,Power Failure,
712.0,P00712,L,303.9,308.7,1564.0,48.6,247.0,1.0,Mechanical Failure,
822.0,P00822,H,304.0,309.7,1593.0,48.0,234.0,1.0,Mechanical Failure,
948.0,P00948,L,303.2,308.4,1561.0,48.4,244.0,1.0,Heat Failure,
914.0,P00914,M,304.0,309.2,1560.0,46.9,242.0,1.0,Mechanical Failure,
892.0,P00892,L,303.3,309.6,1570.0,46.5,240.0,1.0,Power Failure,
550.0,P00550,M,303.5,309.2,1559.0,48.7,229.0,1.0,Power Failure,
455.0,P00455,H,302.9,303.7,1548.0,40.4,179.0,0.0,No Failure,
249.0,P00249,H,299.2,302.4,1518.0,35.5,145.0,0.0,No Failure,
217.0,P00217,L,297.4,305.0,1460.0,40.0,110.0,0.0,No Failure,
806.0,P00806,M,304.1,309.1,1576.0,46.5,205.0,1.0,Power Failure,
652.0,P00652,H,304.1,309.0,1594.0,50.0,227.0,1.0,Mechanical Failure,
327.0,P00327,H,296.6,306.5,1473.0,35.9,101.0,0.0,No Failure,
679.0,P00679,M,303.2,309.1,1572.0,49.2,210.0,1.0,Heat Failure,
248.0,P00248,M,297.9,303.9,1500.0,37.2,113.0,0.0,No Failure,
209.0,P00209,M,302.5,300.2,1424.0,40.4,104.0,0.0,No Failure,
471.0,P00471,M,302.7,306.5,1401.0,37.2,30.0,0.0,No Failure,
233.0,P00233,H,301.1,304.0,1409.0,40.6,193.0,0.0,No Failure,
762.0,P00762,H,303.6,309.6,1597.0,48.3,215.0,1.0,Heat Failure,
544.0,P00544,M,304.6,309.0,1552.0,49.8,248.0,1.0,Heat Failure,
669.0,P00669,H,304.3,308.6,1594.0,48.2,207.0,1.0,Mechanical Failure,
46.0,P00046,L,302.1,308.0,1538.0,40.8,27.0,0.0,No Failure,
190.0,P00190,H,301.5,303.1,1481.0,38.6,43.0,0.0,No Failure,
867.0,P00867,H,304.2,309.4,1588.0,48.8,238.0,1.0,Heat Failure,
43.0,P00043,H,297.8,303.3,1513.0,38.3,89.0,0.0,No Failure,
38.0,P00038,H,300.0,305.4,1452.0,42.8,89.0,0.0,No Failure,
609.0,P00609,M,303.5,309.3,1563.0,46.3,212.0,1.0,Heat Failure,
205.0,P00205,M,297.1,302.8,1549.0,32.7,61.0,0.0,No Failure,
727.0,P00727,H,304.3,308.8,1566.0,45.8,248.0,1.0,Mechanical Failure,
28.0,P00028,M,300.1,303.1,1529.0,42.3,182.0,0.0,No Failure,
137.0,P00137,H,296.7,305.7,1483.0,44.1,2.0,0.0,No Failure,
133.0,P00133,H,301.4,303.0,1446.0,34.0,124.0,0.0,No Failure,
717.0,P00717,L,304.3,309.2,1587.0,49.2,233.0,1.0,Mechanical Failure,
67.0,P00067,L,297.8,304.9,1418.0,39.1,136.0,0.0,No Failure,
622.0,P00622,M,303.4,308.6,1557.0,48.4,221.0,1.0,Power Failure,
549.0,P00549,L,303.5,308.1,1580.0,45.7,201.0,1.0,Mechanical Failure,
865.0,P00865,L,303.2,308.2,1558.0,46.2,240.0,1.0,Mechanical Failure,
976.0,P00976,H,303.9,309.3,1571.0,46.2,247.0,1.0,Power Failure,
508.0,P00508,H,304.0,309.2,1595.0,49.2,246.0,1.0,Heat Failure,
384.0,P00384,M,295.7,305.5,1455.0,33.1,91.0,0.0,No Failure,
640.0,P00640,M,304.4,308.2,1585.0,48.8,240.0,1.0,Mechanical Failure,
516.0,P00516,H,304.2,308.6,1588.0,48.7,247.0,1.0,Heat Failure,
680.0,P00680,M,304.3,308.1,1596.0,47.6,212.0,1.0,Heat Failure,
825.0,P00825,H,304.2,309.9,1591.0,45.2,221.0,1.0,Heat Failure,
944.0,P00944,L,304.2,309.6,1586.0,49.1,212.0,1.0,Mechanical Failure,
29.0,P00029,H,301.9,302.1,1493.0,43.6,178.0,0.0,No Failure,
231.0,P00231,L,297.2,307.4,1481.0,39.7,39.0,0.0,No Failure,
838.0,P00838,M,304.6,309.8,1570.0,46.3,238.0,1.0,Heat Failure,
629.0,P00629,L,303.6,309.1,1574.0,45.6,206.0,1.0,Mechanical Failure,
266.0,P00266,L,301.2,306.0,1499.0,43.1,149.0,0.0,No Failure,
111.0,P00111,L,298.1,302.5,1430.0,40.5,162.0,0.0,No Failure,
438.0,P00438,M,296.8,306.3,1472.0,31.1,1.0,0.0,No Failure,
285.0,P00285,L,300.3,302.0,1462.0,42.8,162.0,0.0,No Failure,
102.0,P00102,L,298.7,304.2,1539.0,31.0,21.0,0.0,No Failure,
501.0,P00501,H,304.5,308.0,1562.0,46.6,243.0,1.0,Mechanical Failure,
418.0,P00418,H,298.3,307.1,1463.0,37.3,196.0,0.0,No Failure,
173.0,P00173,M,299.5,305.0,1543.0,34.9,129.0,0.0,No Failure,
705.0,P00705,M,303.3,309.5,1597.0,49.5,225.0,1.0,Mechanical Failure,
638.0,P00638,M,303.4,308.6,1575.0,46.8,243.0,1.0,Power Failure,
200.0,P00200,H,299.9,300.3,1451.0,33.8,190.0,0.0,No Failure,
156.0,P00156,M,295.9,307.9,1476.0,32.8,91.0,0.0,No Failure,
262.0,P00262,L,299.8,306.5,1450.0,36.0,109.0,0.0,No Failure,
343.0,P00343,M,295.2,305.8,1502.0,36.7,167.0,0.0,No Failure,
967.0,P00967,M,303.1,308.9,1573.0,49.3,249.0,1.0,Mechanical Failure,
378.0,P00378,M,299.0,306.0,1436.0,32.9,110.0,0.0,No Failure,
931.0,P00931,L,305.0,309.0,1589.0,48.5,224.0,1.0,Mechanical Failure,
665.0,P00665,M,304.8,309.7,1556.0,49.2,224.0,1.0,Power Failure,
434.0,P00434,H,298.4,307.1,1506.0,37.7,40.0,0.0,No Failure,
906.0,P00906,H,304.5,308.0,1553.0,47.1,210.0,1.0,Power Failure,
223.0,P00223,M,298.6,305.9,1414.0,43.5,134.0,0.0,No Failure,
572.0,P00572,L,303.4,308.6,1565.0,48.8,248.0,1.0,Heat Failure,
823.0,P00823,H,304.2,308.2,1565.0,47.4,209.0,1.0,Mechanical Failure,
845.0,P00845,L,304.4,309.8,1573.0,49.6,209.0,1.0,Heat Failure,
537.0,P00537,L,303.8,310.0,1598.0,45.8,210.0,1.0,Heat Failure,
847.0,P00847,M,304.0,308.3,1594.0,48.3,223.0,1.0,Power Failure,
273.0,P00273,M,302.0,300.5,1443.0,40.2,91.0,0.0,No Failure,
693.0,P00693,H,304.1,308.9,1577.0,48.0,210.0,1.0,Mechanical Failure,
411.0,P00411,H,295.8,300.1,1430.0,40.4,120.0,0.0,No Failure,
365.0,P00365,L,300.2,306.3,1452.0,40.7,144.0,0.0,No Failure,
551.0,P00551,M,303.0,309.7,1598.0,47.3,212.0,1.0,Heat Failure,
192.0,P00192,L,296.0,307.1,1422.0,35.5,67.0,0.0,No Failure,
828.0,P00828,M,304.9,309.9,1566.0,48.8,220.0,1.0,Mechanical Failure,
162.0,P00162,M,300.4,306.8,1541.0,31.8,98.0,0.0,No Failure,
703.0,P00703,H,303.1,309.5,1586.0,45.3,230.0,1.0,Heat Failure,
776.0,P00776,L,304.4,308.8,1591.0,48.8,224.0,1.0,Mechanical Failure,
396.0,P00396,M,299.9,302.4,1421.0,35.0,54.0,0.0,No Failure,
497.0,P00497,L,300.6,304.6,1430.0,42.6,87.0,0.0,No Failure,
310.0,P00310,H,296.0,305.4,1493.0,38.4,91.0,0.0,No Failure,
16.0,P00016,M,297.4,305.5,1499.0,44.2,18.0,0.0,No Failure,
807.0,P00807,M,303.3,308.0,1593.0,45.2,240.0,1.0,Power Failure,
383.0,P00383,L,297.9,302.4,1500.0,44.9,94.0,0.0,No Failure,
710.0,P00710,L,304.8,308.7,1595.0,45.4,248.0,1.0,Power Failure,
440.0,P00440,L,299.0,306.8,1497.0,31.1,168.0,0.0,No Failure,
91.0,P00091,L,296.7,303.5,1495.0,43.3,177.0,0.0,No Failure,
474.0,P00474,H,299.9,302.5,1498.0,41.2,22.0,0.0,No Failure,
597.0,P00597,H,303.0,308.1,1566.0,47.0,243.0,1.0,Heat Failure,
603.0,P00603,M,304.4,309.1,1597.0,47.7,230.0,1.0,Power Failure,
430.0,P00430,L,298.1,301.2,1517.0,36.6,181.0,0.0,No Failure,
854.0,P00854,L,303.8,308.8,1566.0,46.7,248.0,1.0,Power Failure,
580.0,P00580,M,304.4,308.0,1583.0,45.7,207.0,1.0,Heat Failure,
1.0,P00001,H,297.1,304.5,1463.0,37.6,53.0,0.0,No Failure,
286.0,P00286,H,296.9,302.8,1483.0,33.2,115.0,0.0,No Failure,
469.0,P00469,M,298.6,300.4,1466.0,37.9,193.0,0.0,No Failure,
461.0,P00461,H,302.2,304.4,1499.0,37.9,154.0,0.0,No Failure,
687.0,P00687,M,304.7,308.4,1569.0,49.6,227.0,1.0,Power Failure,
340.0,P00340,M,295.9,300.7,1512.0,39.9,113.0,0.0,No Failure,
274.0,P00274,M,297.3,303.0,1509.0,36.3,30.0,0.0,No Failure,
175.0,P00175,L,302.7,306.0,1407.0,44.6,166.0,0.0,No Failure,
24.0,P00024,H,296.0,305.5,1473.0,39.2,37.0,0.0,No Failure,
848.0,P00848,M,303.6,308.2,1559.0,48.4,239.0,1.0,Power Failure,
958.0,P00958,H,303.7,309.4,1552.0,47.8,202.0,1.0,Power Failure,
203.0,P00203,H,301.1,304.5,1482.0,38.2,130.0,0.0,No Failure,
571.0,P00571,H,303.8,309.9,1551.0,47.5,240.0,1.0,Heat Failure,
781.0,P00781,H,304.2,309.0,1550.0,47.4,225.0,1.0,Mechanical Failure,
576.0,P00576,M,303.2,308.5,1594.0,50.0,243.0,1.0,Power Failure,
684.0,P00684,H,303.1,309.7,1565.0,45.0,235.0,1.0,Heat Failure,
385.0,P00385,M,297.1,301.7,1475.0,30.2,70.0,0.0,No Failure,
491.0,P00491,M,300.6,302.1,1501.0,35.3,138.0,0.0,No Failure,
903.0,P00903,H,303.3,308.7,1597.0,45.2,215.0,1.0,Mechanical Failure,
132.0,P00132,M,303.0,305.3,1501.0,37.7,146.0,0.0,No Failure,
304.0,P00304,H,296.0,307.2,1532.0,34.3,171.0,0.0,No Failure,
108.0,P00108,L,302.5,301.6,1419.0,33.7,100.0,0.0,No Failure,
921.0,P00921,L,304.4,309.1,1587.0,49.9,233.0,1.0,Power Failure,
756.0,P00756,M,303.6,309.4,1582.0,48.4,229.0,1.0,Mechanical Failure,
504.0,P00504,M,303.3,308.2,1564.0,47.3,239.0,1.0,Mechanical Failure,
546.0,P00546,M,304.5,308.9,1552.0,46.0,246.0,1.0,Mechanical Failure,
524.0,P00524,L,304.2,308.6,1552.0,45.9,220.0,1.0,Heat Failure,
985.0,P00985,M,303.1,308.3,1571.0,47.1,242.0,1.0,Heat Failure,
896.0,P00896,M,303.8,308.3,1562.0,47.2,238.0,1.0,Heat Failure,
432.0,P00432,M,296.3,305.7,1477.0,32.5,28.0,0.0,No Failure,
367.0,P00367,H,298.7,305.2,1473.0,40.6,172.0,0.0,No Failure,
731.0,P00731,M,303.3,309.4,1578.0,45.5,225.0,1.0,Power Failure,
392.0,P00392,H,296.1,305.8,1508.0,34.8,127.0,0.0,No Failure,
152.0,P00152,H,300.1,300.5,1418.0,37.2,75.0,0.0,No Failure,
729.0,P00729,L,304.4,309.6,1569.0,46.6,238.0,1.0,Power Failure,
346.0,P00346,M,296.4,303.4,1523.0,37.9,196.0,0.0,No Failure,
893.0,P00893,H,304.6,308.1,1579.0,49.9,237.0,1.0,Power Failure,
708.0,P00708,H,303.5,308.7,1566.0,46.5,217.0,1.0,Heat Failure,
437.0,P00437,L,296.7,306.1,1533.0,38.9,10.0,0.0,No Failure,
902.0,P00902,M,304.9,309.4,1563.0,47.5,244.0,1.0,Heat Failure,
457.0,P00457,M,298.8,304.8,1423.0,35.1,19.0,0.0,No Failure,
415.0,P00415,H,295.1,303.7,1530.0,36.6,76.0,0.0,No Failure,
726.0,P00726,L,304.0,309.9,1566.0,45.0,215.0,1.0,Power Failure,
970.0,P00970,H,303.5,309.7,1563.0,46.2,218.0,1.0,Power Failure,
239.0,P00239,L,298.6,302.7,1512.0,36.6,121.0,0.0,No Failure,
201.0,P00201,L,295.7,305.3,1487.0,42.4,174.0,0.0,No Failure,
381.0,P00381,L,296.9,304.2,1442.0,43.4,101.0,0.0,No Failure,
144.0,P00144,H,303.0,303.4,1472.0,44.8,56.0,0.0,No Failure,
118.0,P00118,H,297.5,301.1,1402.0,33.2,24.0,0.0,No Failure,
267.0,P00267,M,295.9,304.4,1545.0,36.7,3.0,0.0,No Failure,
732.0,P00732,M,303.9,308.3,1597.0,48.0,200.0,1.0,Heat Failure,
509.0,P00509,L,303.3,308.9,1576.0,49.8,235.0,1.0,Power Failure,
244.0,P00244,H,295.6,301.9,1519.0,39.1,184.0,0.0,No Failure,
298.0,P00298,M,298.4,307.6,1495.0,42.6,96.0,0.0,No Failure,
234.0,P00234,M,301.4,300.5,1448.0,38.4,111.0,0.0,No Failure,
494.0,P00494,H,300.6,301.5,1429.0,38.3,20.0,0.0,No Failure,
553.0,P00553,H,303.6,309.2,1579.0,48.7,228.0,1.0,Heat Failure,
981.0,P00981,H,304.4,308.4,1594.0,47.4,242.0,1.0,Mechanical Failure,
183.0,P00183,M,295.1,303.9,1462.0,30.9,105.0,0.0,No Failure,
344.0,P00344,H,298.2,301.5,1515.0,32.8,141.0,0.0,No Failure,
784.0,P00784,M,304.1,309.9,1567.0,47.8,237.0,1.0,Mechanical Failure,
442.0,P00442,M,296.4,307.1,1491.0,41.3,130.0,0.0,No Failure,
463.0,P00463,M,301.9,304.2,1467.0,38.7,77.0,0.0,No Failure,
112.0,P00112,H,295.2,307.1,1457.0,31.0,172.0,0.0,No Failure,
51.0,P00051,H,297.7,303.6,1420.0,30.0,43.0,0.0,No Failure,
86.0,P00086,H,295.0,303.4,1430.0,35.5,42.0,0.0,No Failure,
168.0,P00168,M,299.3,303.6,1432.0,36.5,55.0,0.0,No Failure,
202.0,P00202,H,300.1,302.3,1456.0,37.3,0.0,0.0,No Failure,
110.0,P00110,M,296.0,301.0,1453.0,37.2,173.0,0.0,No Failure,
176.0,P00176,L,297.2,305.8,1402.0,34.3,188.0,0.0,No Failure,
301.0,P00301,L,297.1,303.8,1424.0,31.7,54.0,0.0,No Failure,
395.0,P00395,M,302.6,303.1,1415.0,39.4,132.0,0.0,No Failure,
453.0,P00453,M,302.3,301.4,1450.0,34.2,22.0,0.0,No Failure,
594.0,P00594,M,303.9,309.2,1588.0,47.3,241.0,1.0,Power Failure,
47.0,P00047,H,302.7,301.4,1516.0,36.7,71.0,0.0,No Failure,
542.0,P00542,L,303.3,308.2,1568.0,48.7,220.0,1.0,Mechanical Failure,
299.0,P00299,L,296.5,301.7,1413.0,44.9,50.0,0.0,No Failure,
272.0,P00272,M,300.5,306.6,1508.0,36.1,16.0,0.0,No Failure,
578.0,P00578,M,304.3,308.5,1554.0,47.9,220.0,1.0,Heat Failure,
391.0,P00391,H,300.1,303.9,1422.0,43.6,67.0,0.0,No Failure,
966.0,P00966,H,304.8,308.6,1590.0,47.6,213.0,1.0,Power Failure,
22.0,P00022,H,301.0,305.3,1433.0,35.1,193.0,0.0,No Failure,
913.0,P00913,L,303.9,309.5,1551.0,49.1,225.0,1.0,Heat Failure,
723.0,P00723,L,304.1,309.7,1562.0,49.6,248.0,1.0,Mechanical Failure,
663.0,P00663,L,303.6,309.4,1554.0,45.6,225.0,1.0,Power Failure,
305.0,P00305,L,296.0,306.3,1504.0,33.6,192.0,0.0,No Failure,
770.0,P00770,M,303.6,309.9,1593.0,48.4,247.0,1.0,Mechanical Failure,
826.0,P00826,M,303.9,309.4,1567.0,48.2,240.0,1.0,Power Failure,
421.0,P00421,H,295.4,304.6,1520.0,44.8,7.0,0.0,No Failure,
934.0,P00934,H,303.8,308.5,1593.0,45.9,211.0,1.0,Power Failure,
821.0,P00821,L,303.0,309.6,1580.0,45.9,216.0,1.0,Mechanical Failure,
956.0,P00956,H,303.8,308.7,1591.0,48.2,238.0,1.0,Power Failure,
711.0,P00711,M,303.4,309.5,1587.0,49.1,220.0,1.0,Heat Failure,
719.0,P00719,H,303.0,308.1,1586.0,45.1,243.0,1.0,Mechanical Failure,
10.0,P00010,L,295.1,302.5,1419.0,32.0,108.0,0.0,No Failure,
90.0,P00090,L,295.7,301.1,1511.0,34.1,16.0,0.0,No Failure,
479.0,P00479,L,295.5,304.8,1502.0,43.2,104.0,0.0,No Failure,
817.0,P00817,L,303.4,309.6,1550.0,47.0,203.0,1.0,Mechanical Failure,
405.0,P00405,L,301.3,301.8,1502.0,41.2,2.0,0.0,No Failure,
909.0,P00909,M,304.7,309.9,1568.0,46.1,221.0,1.0,Mechanical Failure,
724.0,P00724,L,304.1,308.6,1597.0,47.0,213.0,1.0,Power Failure,
561.0,P00561,H,304.7,309.3,1569.0,49.3,222.0,1.0,Heat Failure,
6.0,P00006,H,300.7,306.8,1548.0,44.1,22.0,0.0,No Failure,
426.0,P00426,M,299.0,303.8,1508.0,30.8,190.0,0.0,No Failure,
614.0,P00614,M,303.2,308.8,1596.0,47.9,232.0,1.0,Mechanical Failure,
786.0,P00786,L,303.3,309.3,1579.0,45.5,206.0,1.0,Mechanical Failure,
623.0,P00623,H,305.0,309.0,1589.0,47.8,245.0,1.0,Mechanical Failure,
673.0,P00673,H,304.0,308.1,1577.0,49.3,229.0,1.0,Heat Failure,
390.0,P00390,L,295.0,302.3,1491.0,38.7,166.0,0.0,No Failure,
76.0,P00076,H,300.6,300.8,1488.0,44.2,17.0,0.0,No Failure,
449.0,P00449,M,297.6,304.7,1487.0,39.3,105.0,0.0,No Failure,
73.0,P00073,L,295.2,304.7,1527.0,37.6,173.0,0.0,No Failure,
245.0,P00245,L,296.5,305.9,1492.0,36.1,133.0,0.0,No Failure,
651.0,P00651,M,303.9,308.6,1554.0,45.8,226.0,1.0,Mechanical Failure,
21.0,P00021,M,297.9,303.5,1408.0,38.2,111.0,0.0,No Failure,
435.0,P00435,L,298.1,303.5,1525.0,33.0,157.0,0.0,No Failure,
60.0,P00060,L,301.0,305.0,1469.0,39.6,115.0,0.0,No Failure,
533.0,P00533,M,303.4,309.3,1576.0,47.4,247.0,1.0,Heat Failure,
606.0,P00606,M,304.3,309.3,1595.0,46.1,209.0,1.0,Heat Failure,
635.0,P00635,L,304.2,309.2,1580.0,48.0,205.0,1.0,Heat Failure,
356.0,P00356,L,298.9,304.5,1427.0,42.3,188.0,0.0,No Failure,
485.0,P00485,L,295.7,304.5,1437.0,40.3,83.0,0.0,No Failure,
109.0,P00109,H,302.5,301.5,1413.0,38.0,70.0,0.0,No Failure,
400.0,P00400,H,297.1,303.3,1470.0,43.5,153.0,0.0,No Failure,
876.0,P00876,M,303.2,308.4,1588.0,48.9,244.0,1.0,Heat Failure,
700.0,P00700,M,303.6,308.8,1588.0,47.8,240.0,1.0,Heat Failure,
300.0,P00300,H,297.3,304.2,1400.0,30.3,82.0,0.0,No Failure,
140.0,P00140,M,295.8,301.6,1524.0,37.4,27.0,0.0,No Failure,
289.0,P00289,M,300.8,304.9,1548.0,42.5,27.0,0.0,No Failure,
336.0,P00336,H,299.3,305.4,1464.0,42.4,80.0,0.0,No Failure,
353.0,P00353,H,301.0,301.2,1472.0,43.4,18.0,0.0,No Failure,
804.0,P00804,L,303.3,308.5,1570.0,47.8,227.0,1.0,Mechanical Failure,
791.0,P00791,M,304.0,308.7,1591.0,49.8,234.0,1.0,Power Failure,
716.0,P00716,L,304.0,308.5,1550.0,48.4,223.0,1.0,Mechanical Failure,
718.0,P00718,H,304.7,308.9,1552.0,45.2,207.0,1.0,Mechanical Failure,
713.0,P00713,L,303.9,308.3,1556.0,48.6,248.0,1.0,Heat Failure,
917.0,P00917,M,304.3,308.4,1559.0,46.2,215.0,1.0,Mechanical Failure,
1000.0,P01000,L,304.3,308.1,1553.0,47.4,214.0,1.0,Power Failure,
842.0,P00842,M,304.8,308.0,1576.0,45.0,207.0,1.0,Heat Failure,
119.0,P00119,L,302.7,302.7,1485.0,42.9,171.0,0.0,No Failure,
518.0,P00518,L,304.2,308.5,1556.0,49.0,235.0,1.0,Mechanical Failure,
408.0,P00408,M,300.5,303.5,1456.0,42.9,6.0,0.0,No Failure,
68.0,P00068,H,298.5,301.5,1469.0,38.6,163.0,0.0,No Failure,
681.0,P00681,M,303.8,308.6,1566.0,49.7,211.0,1.0,Power Failure,
741.0,P00741,L,303.2,308.9,1575.0,48.0,201.0,1.0,Mechanical Failure,
739.0,P00739,M,304.8,309.1,1588.0,46.4,223.0,1.0,Heat Failure,
957.0,P00957,L,303.5,309.6,1588.0,47.8,239.0,1.0,Power Failure,
307.0,P00307,L,300.9,300.7,1422.0,30.8,87.0,0.0,No Failure,
451.0,P00451,H,298.1,307.7,1442.0,37.5,16.0,0.0,No Failure,
849.0,P00849,M,304.5,309.2,1551.0,45.0,223.0,1.0,Mechanical Failure,
253.0,P00253,L,301.4,304.4,1472.0,35.8,113.0,0.0,No Failure,
980.0,P00980,M,303.1,309.8,1555.0,48.1,228.0,1.0,Mechanical Failure,
104.0,P00104,M,297.4,303.3,1544.0,30.6,28.0,0.0,No Failure,
23.0,P00023,M,299.0,302.5,1442.0,37.1,39.0,0.0,No Failure,
905.0,P00905,H,303.5,309.1,1566.0,48.6,213.0,1.0,Heat Failure,
259.0,P00259,M,300.8,303.2,1543.0,30.6,2.0,0.0,No Failure,
488.0,P00488,H,302.7,301.0,1455.0,45.0,199.0,0.0,No Failure,
373.0,P00373,M,302.1,304.2,1457.0,40.1,1.0,0.0,No Failure,
950.0,P00950,H,303.3,309.2,1597.0,46.2,212.0,1.0,Mechanical Failure,
738.0,P00738,M,303.8,309.9,1596.0,47.2,212.0,1.0,Mechanical Failure,
207.0,P00207,H,296.0,301.7,1432.0,40.7,144.0,0.0,No Failure,
797.0,P00797,L,304.6,308.6,1570.0,49.8,209.0,1.0,Mechanical Failure,
339.0,P00339,L,300.9,305.6,1462.0,36.1,128.0,0.0,No Failure,
888.0,P00888,M,303.0,308.9,1587.0,49.5,234.0,1.0,Heat Failure,
290.0,P00290,M,302.6,303.9,1424.0,31.9,102.0,0.0,No Failure,
404.0,P00404,L,297.5,302.0,1429.0,34.8,157.0,0.0,No Failure,
989.0,P00989,M,304.6,309.7,1596.0,47.6,241.0,1.0,Heat Failure,
218.0,P00218,L,295.0,303.8,1488.0,34.3,127.0,0.0,No Failure,
733.0,P00733,H,303.8,308.6,1583.0,47.3,231.0,1.0,Power Failure,
428.0,P00428,H,295.0,300.1,1431.0,36.8,162.0,0.0,No Failure,
452.0,P00452,M,295.3,301.4,1475.0,35.4,153.0,0.0,No Failure,
277.0,P00277,L,300.4,305.3,1409.0,42.1,106.0,0.0,No Failure,
625.0,P00625,L,304.1,310.0,1571.0,48.7,242.0,1.0,Power Failure,
219.0,P00219,H,302.7,307.7,1407.0,36.9,50.0,0.0,No Failure,
973.0,P00973,L,304.5,310.0,1593.0,49.0,227.0,1.0,Mechanical Failure,
503.0,P00503,L,303.8,308.2,1557.0,47.8,206.0,1.0,Heat Failure,
149.0,P00149,H,300.9,300.3,1476.0,36.8,168.0,0.0,No Failure,
767.0,P00767,L,304.2,309.2,1581.0,47.6,213.0,1.0,Power Failure,
941.0,P00941,M,303.7,308.7,1578.0,49.5,209.0,1.0,Mechanical Failure,
998.0,P00998,H,304.8,309.6,1562.0,48.6,202.0,1.0,Heat Failure,
988.0,P00988,M,304.0,309.0,1551.0,47.3,211.0,1.0,Heat Failure,
866.0,P00866,H,303.2,309.0,1553.0,45.0,246.0,1.0,Power Failure,
271.0,P00271,H,296.7,307.8,1454.0,37.4,138.0,0.0,No Failure,
125.0,P00125,H,298.3,303.9,1538.0,34.0,150.0,0.0,No Failure,
792.0,P00792,H,304.1,309.9,1569.0,45.3,239.0,1.0,Heat Failure,
465.0,P00465,H,302.2,302.1,1460.0,44.5,140.0,0.0,No Failure,
583.0,P00583,M,303.3,308.6,1562.0,49.4,234.0,1.0,Heat Failure,
351.0,P00351,H,300.4,304.7,1409.0,40.8,160.0,0.0,No Failure,
145.0,P00145,M,301.9,302.3,1476.0,44.2,107.0,0.0,No Failure,
34.0,P00034,L,300.7,306.1,1471.0,40.0,67.0,0.0,No Failure,
872.0,P00872,H,304.0,309.0,1554.0,47.0,203.0,1.0,Mechanical Failure,
481.0,P00481,M,298.6,303.2,1440.0,38.9,114.0,0.0,No Failure,
382.0,P00382,L,295.1,303.2,1451.0,31.8,193.0,0.0,No Failure,
496.0,P00496,M,295.1,300.8,1518.0,38.1,81.0,0.0,No Failure,
938.0,P00938,H,303.4,308.5,1570.0,48.8,224.0,1.0,Power Failure,
545.0,P00545,H,304.1,309.7,1576.0,49.1,237.0,1.0,Mechanical Failure,
702.0,P00702,L,304.7,308.7,1589.0,49.7,243.0,1.0,Mechanical Failure,
477.0,P00477,L,301.4,303.4,1545.0,42.6,147.0,0.0,No Failure,
779.0,P00779,H,303.8,309.0,1568.0,47.9,204.0,1.0,Mechanical Failure,
264.0,P00264,H,299.5,305.2,1451.0,40.0,111.0,0.0,No Failure,
160.0,P00160,M,295.3,303.9,1525.0,31.5,43.0,0.0,No Failure,
722.0,P00722,H,304.5,309.0,1592.0,47.8,212.0,1.0,Heat Failure,
321.0,P00321,M,301.9,307.8,1510.0,37.5,95.0,0.0,No Failure,
41.0,P00041,M,297.2,306.6,1445.0,43.6,94.0,0.0,No Failure,
105.0,P00105,H,295.4,302.4,1474.0,39.8,47.0,0.0,No Failure,
904.0,P00904,H,304.9,308.6,1571.0,48.1,224.0,1.0,Heat Failure,
897.0,P00897,M,303.3,308.6,1586.0,45.3,249.0,1.0,Heat Failure,
672.0,P00672,H,303.8,308.9,1573.0,47.9,222.0,1.0,Power Failure,
564.0,P00564,L,303.9,308.2,1591.0,48.4,236.0,1.0,Power Failure,
170.0,P00170,L,296.2,304.4,1540.0,44.8,100.0,0.0,No Failure,
166.0,P00166,L,301.5,305.8,1542.0,38.8,59.0,0.0,No Failure,
827.0,P00827,M,304.1,309.1,1596.0,48.8,242.0,1.0,Power Failure,
907.0,P00907,H,303.7,308.2,1594.0,48.8,228.0,1.0,Power Failure,
701.0,P00701,H,303.5,309.0,1570.0,46.8,217.0,1.0,Heat Failure,
342.0,P00342,M,295.8,302.1,1480.0,39.5,110.0,0.0,No Failure,
991.0,P00991,L,304.2,308.4,1579.0,47.6,225.0,1.0,Heat Failure,
816.0,P00816,H,303.4,309.9,1599.0,49.7,228.0,1.0,Heat Failure,
986.0,P00986,L,304.1,309.7,1570.0,46.7,207.0,1.0,Mechanical Failure,
12.0,P00012,L,300.3,301.6,1529.0,43.4,76.0,0.0,No Failure,
919.0,P00919,H,303.1,309.1,1554.0,49.9,231.0,1.0,Power Failure,
295.0,P00295,M,300.5,307.2,1488.0,34.9,20.0,0.0,No Failure,
577.0,P00577,M,304.6,309.2,1556.0,46.0,219.0,1.0,Power Failure,
575.0,P00575,M,304.7,309.9,1555.0,46.2,200.0,1.0,Power Failure,
147.0,P00147,L,302.8,300.4,1501.0,43.1,23.0,0.0,No Failure,
647.0,P00647,H,304.7,309.3,1558.0,48.9,218.0,1.0,Heat Failure,
198.0,P00198,H,301.9,307.9,1463.0,36.4,131.0,0.0,No Failure,
833.0,P00833,L,304.0,308.2,1565.0,47.5,220.0,1.0,Heat Failure,
57.0,P00057,L,299.2,306.8,1514.0,35.3,168.0,0.0,No Failure,
591.0,P00591,L,304.6,308.0,1583.0,45.9,226.0,1.0,Power Failure,
193.0,P00193,M,301.1,303.3,1493.0,33.3,24.0,0.0,No Failure,
130.0,P00130,L,296.8,300.6,1535.0,40.4,0.0,0.0,No Failure,
53.0,P00053,M,300.5,307.6,1456.0,31.2,119.0,0.0,No Failure,
341.0,P00341,H,301.1,304.0,1489.0,37.0,154.0,0.0,No Failure,
252.0,P00252,L,297.7,302.3,1530.0,35.6,134.0,0.0,No Failure,
953.0,P00953,L,303.6,309.9,1573.0,45.2,236.0,1.0,Mechanical Failure,
372.0,P00372,L,295.1,304.9,1534.0,38.0,156.0,0.0,No Failure,
915.0,P00915,M,304.5,309.6,1594.0,47.9,235.0,1.0,Mechanical Failure,
215.0,P00215,L,301.5,304.3,1532.0,34.6,129.0,0.0,No Failure,
999.0,P00999,M,303.3,308.4,1566.0,48.4,226.0,1.0,Power Failure,
151.0,P00151,H,296.0,304.8,1457.0,42.7,174.0,0.0,No Failure,
559.0,P00559,H,304.2,308.5,1561.0,45.0,249.0,1.0,Heat Failure,
13.0,P00013,M,300.8,304.5,1436.0,44.6,178.0,0.0,No Failure,
952.0,P00952,M,304.8,308.4,1564.0,47.3,213.0,1.0,Heat Failure,
352.0,P00352,H,296.6,304.2,1440.0,37.5,182.0,0.0,No Failure,
541.0,P00541,H,303.9,308.4,1597.0,48.6,223.0,1.0,Power Failure,
500.0,P00500,L,296.3,304.3,1508.0,33.6,154.0,0.0,No Failure,
254.0,P00254,L,297.7,300.0,1521.0,42.5,7.0,0.0,No Failure,
247.0,P00247,M,297.9,302.5,1510.0,33.9,107.0,0.0,No Failure,
661.0,P00661,M,304.6,309.7,1592.0,46.5,214.0,1.0,Heat Failure,
487.0,P00487,L,301.0,302.7,1482.0,34.2,124.0,0.0,No Failure,
178.0,P00178,M,302.9,302.9,1411.0,39.7,190.0,0.0,No Failure,
349.0,P00349,H,300.8,303.3,1410.0,40.0,78.0,0.0,No Failure,
768.0,P00768,M,304.7,308.8,1556.0,47.2,230.0,1.0,Power Failure,
839.0,P00839,H,303.6,309.9,1562.0,45.9,208.0,1.0,Power Failure,
720.0,P00720,L,303.8,309.0,1593.0,46.9,232.0,1.0,Heat Failure,
789.0,P00789,H,303.8,309.3,1578.0,45.3,218.0,1.0,Power Failure,
146.0,P00146,H,298.3,304.8,1447.0,33.0,143.0,0.0,No Failure,
387.0,P00387,M,295.8,306.4,1536.0,34.2,189.0,0.0,No Failure,
62.0,P00062,L,302.0,306.4,1489.0,36.5,65.0,0.0,No Failure,
579.0,P00579,L,303.2,309.6,1556.0,49.6,236.0,1.0,Power Failure,
87.0,P00087,M,299.8,305.2,1484.0,39.6,187.0,0.0,No Failure,
619.0,P00619,H,303.3,308.4,1599.0,48.9,208.0,1.0,Mechanical Failure,
922.0,P00922,H,303.9,309.9,1562.0,46.7,207.0,1.0,Power Failure,
335.0,P00335,H,301.8,303.3,1492.0,33.8,50.0,0.0,No Failure,
671.0,P00671,L,304.3,308.5,1552.0,45.3,205.0,1.0,Mechanical Failure,
191.0,P00191,M,300.3,303.5,1491.0,36.1,120.0,0.0,No Failure,
774.0,P00774,L,303.9,308.7,1571.0,46.7,213.0,1.0,Heat Failure,
403.0,P00403,M,298.9,302.1,1469.0,36.7,180.0,0.0,No Failure,
490.0,P00490,L,302.9,305.5,1537.0,39.7,69.0,0.0,No Failure,
337.0,P00337,L,298.8,301.8,1467.0,40.6,35.0,0.0,No Failure,
604.0,P00604,M,303.2,308.7,1597.0,48.8,208.0,1.0,Mechanical Failure,
882.0,P00882,L,304.9,309.5,1592.0,46.1,235.0,1.0,Power Failure,
211.0,P00211,M,300.9,306.8,1472.0,36.2,34.0,0.0,No Failure,
990.0,P00990,L,304.7,308.8,1593.0,45.7,212.0,1.0,Power Failure,
920.0,P00920,H,303.3,309.1,1552.0,48.1,205.0,1.0,Heat Failure,
677.0,P00677,H,303.2,309.0,1597.0,46.7,230.0,1.0,Power Failure,
830.0,P00830,M,303.6,309.2,1559.0,48.6,234.0,1.0,Mechanical Failure,
617.0,P00617,H,303.4,309.2,1581.0,47.1,241.0,1.0,Power Failure,
484.0,P00484,M,299.3,306.9,1407.0,36.2,100.0,0.0,No Failure,
994.0,P00994,M,303.8,309.1,1569.0,45.3,248.0,1.0,Heat Failure,
8.0,P00008,L,296.1,303.9,1429.0,44.2,69.0,0.0,No Failure,
979.0,P00979,L,303.9,308.7,1568.0,47.8,206.0,1.0,Heat Failure,
69.0,P00069,M,295.6,304.9,1462.0,30.8,37.0,0.0,No Failure,
409.0,P00409,H,296.9,301.7,1508.0,38.5,124.0,0.0,No Failure,
186.0,P00186,L,297.7,302.2,1432.0,40.3,75.0,0.0,No Failure,
667.0,P00667,H,304.8,308.4,1558.0,48.0,232.0,1.0,Power Failure,
875.0,P00875,M,303.2,308.9,1553.0,47.2,235.0,1.0,Heat Failure,
184.0,P00184,M,295.4,306.7,1448.0,32.4,53.0,0.0,No Failure,
296.0,P00296,H,296.5,303.6,1498.0,39.1,51.0,0.0,No Failure,
95.0,P00095,L,298.9,307.3,1531.0,34.5,184.0,0.0,No Failure,
250.0,P00250,M,299.7,302.1,1475.0,43.7,67.0,0.0,No Failure,
573.0,P00573,H,304.4,309.7,1579.0,46.1,249.0,1.0,Heat Failure,
649.0,P00649,L,303.8,309.7,1594.0,47.0,204.0,1.0,Heat Failure,
326.0,P00326,M,300.3,303.5,1426.0,36.1,92.0,0.0,No Failure,
758.0,P00758,L,304.3,308.5,1558.0,48.7,229.0,1.0,Power Failure,
334.0,P00334,M,295.9,302.0,1505.0,41.7,118.0,0.0,No Failure,
308.0,P00308,M,297.6,304.8,1408.0,35.5,79.0,0.0,No Failure,
796.0,P00796,H,303.5,308.5,1599.0,49.2,237.0,1.0,Heat Failure,
608.0,P00608,M,303.0,309.5,1583.0,45.1,226.0,1.0,Heat Failure,
420.0,P00420,H,298.0,300.3,1433.0,34.9,154.0,0.0,No Failure,
785.0,P00785,H,303.4,309.2,1599.0,48.6,203.0,1.0,Mechanical Failure,
534.0,P00534,H,303.0,309.3,1571.0,47.5,204.0,1.0,Heat Failure,
759.0,P00759,H,303.4,309.5,1563.0,49.7,235.0,1.0,Heat Failure,
470.0,P00470,L,301.7,304.8,1510.0,39.2,133.0,0.0,No Failure,
887.0,P00887,L,304.0,308.3,1586.0,47.5,237.0,1.0,Heat Failure,
540.0,P00540,H,303.7,309.7,1572.0,47.3,246.0,1.0,Mechanical Failure,
695.0,P00695,H,304.8,309.0,1598.0,45.3,202.0,1.0,Mechanical Failure,
678.0,P00678,H,304.8,309.6,1584.0,45.8,205.0,1.0,Heat Failure,
690.0,P00690,L,304.3,309.5,1554.0,47.6,206.0,1.0,Power Failure,
698.0,P00698,H,303.8,309.8,1551.0,47.8,201.0,1.0,Power Failure,
288.0,P00288,L,297.3,305.6,1411.0,38.1,34.0,0.0,No Failure,
480.0,P00480,H,298.1,302.2,1530.0,33.8,51.0,0.0,No Failure,
478.0,P00478,M,299.1,304.4,1400.0,31.1,28.0,0.0,No Failure,
574.0,P00574,H,304.1,309.6,1587.0,46.3,244.0,1.0,Mechanical Failure,
587.0,P00587,M,303.7,309.7,1570.0,49.9,218.0,1.0,Power Failure,
639.0,P00639,L,304.3,308.7,1570.0,48.2,236.0,1.0,Power Failure,
450.0,P00450,L,295.9,301.4,1412.0,41.7,138.0,0.0,No Failure,
276.0,P00276,L,297.4,304.0,1504.0,39.0,143.0,0.0,No Failure,
961.0,P00961,L,304.0,309.4,1570.0,49.6,232.0,1.0,Power Failure,
243.0,P00243,H,299.7,305.4,1456.0,45.0,171.0,0.0,No Failure,
929.0,P00929,L,303.5,309.0,1573.0,46.3,240.0,1.0,Power Failure,
194.0,P00194,H,296.7,301.2,1444.0,40.0,175.0,0.0,No Failure,
228.0,P00228,H,302.2,300.9,1413.0,39.6,134.0,0.0,No Failure,
554.0,P00554,H,303.2,309.2,1598.0,48.0,237.0,1.0,Mechanical Failure,
978.0,P00978,L,304.8,308.2,1568.0,49.2,232.0,1.0,Heat Failure,
641.0,P00641,M,304.4,308.1,1550.0,48.4,225.0,1.0,Mechanical Failure,
467.0,P00467,M,300.4,304.1,1492.0,30.8,127.0,0.0,No Failure,
794.0,P00794,H,304.4,309.7,1591.0,45.9,232.0,1.0,Power Failure,
92.0,P00092,H,297.0,304.5,1521.0,30.6,31.0,0.0,No Failure,
212.0,P00212,H,301.9,305.0,1497.0,37.0,12.0,0.0,No Failure,
153.0,P00153,L,302.2,305.8,1487.0,35.6,68.0,0.0,No Failure,
224.0,P00224,H,295.8,300.6,1549.0,33.2,44.0,0.0,No Failure,
412.0,P00412,M,297.1,301.2,1470.0,37.7,72.0,0.0,No Failure,
348.0,P00348,H,296.4,303.5,1487.0,41.0,119.0,0.0,No Failure,
543.0,P00543,L,303.1,309.0,1591.0,45.7,222.0,1.0,Power Failure,
803.0,P00803,M,303.7,308.4,1561.0,49.4,220.0,1.0,Mechanical Failure,
235.0,P00235,M,298.1,305.7,1510.0,33.8,182.0,0.0,No Failure,
122.0,P00122,L,298.8,305.8,1408.0,35.3,39.0,0.0,No Failure,
419.0,P00419,L,301.5,306.0,1494.0,39.0,90.0,0.0,No Failure,
507.0,P00507,H,303.8,308.4,1592.0,46.9,234.0,1.0,Mechanical Failure,
11.0,P00011,L,296.1,302.7,1447.0,34.5,188.0,0.0,No Failure,
707.0,P00707,H,303.1,308.4,1561.0,45.9,211.0,1.0,Power Failure,
642.0,P00642,L,303.6,308.5,1553.0,46.0,211.0,1.0,Power Failure,
689.0,P00689,H,304.8,309.7,1596.0,46.4,237.0,1.0,Power Failure,
863.0,P00863,M,305.0,308.7,1562.0,48.8,239.0,1.0,Heat Failure,
837.0,P00837,H,304.4,309.2,1592.0,45.5,204.0,1.0,Mechanical Failure,
599.0,P00599,M,303.6,309.2,1594.0,46.8,235.0,1.0,Mechanical Failure,
960.0,P00960,M,304.4,308.9,1555.0,47.3,239.0,1.0,Power Failure,
521.0,P00521,L,304.4,309.0,1556.0,48.6,247.0,1.0,Power Failure,
366.0,P00366,L,297.4,302.2,1518.0,43.7,183.0,0.0,No Failure,
309.0,P00309,L,295.3,300.5,1517.0,37.6,152.0,0.0,No Failure,
878.0,P00878,H,304.2,308.1,1598.0,46.6,227.0,1.0,Mechanical Failure,
557.0,P00557,M,303.3,310.0,1572.0,46.6,232.0,1.0,Power Failure,
416.0,P00416,H,301.2,304.7,1434.0,43.5,181.0,0.0,No Failure,
548.0,P00548,M,304.1,309.1,1566.0,45.6,206.0,1.0,Power Failure,
834.0,P00834,L,304.5,309.0,1555.0,45.1,220.0,1.0,Mechanical Failure,
752.0,P00752,L,303.0,308.8,1578.0,45.0,222.0,1.0,Power Failure,
220.0,P00220,M,302.3,305.4,1415.0,32.9,181.0,0.0,No Failure,
258.0,P00258,L,302.5,304.9,1422.0,42.3,39.0,0.0,No Failure,
519.0,P00519,H,303.2,309.7,1575.0,48.9,249.0,1.0,Power Failure,
93.0,P00093,L,301.7,306.8,1504.0,43.7,149.0,0.0,No Failure,
32.0,P00032,L,302.1,301.0,1543.0,34.3,7.0,0.0,No Failure,
128.0,P00128,L,295.2,302.0,1452.0,44.2,140.0,0.0,No Failure,
315.0,P00315,M,300.8,301.6,1400.0,38.2,194.0,0.0,No Failure,
424.0,P00424,L,295.6,304.4,1495.0,34.9,137.0,0.0,No Failure,
520.0,P00520,L,304.9,310.0,1556.0,46.1,207.0,1.0,Heat Failure,
195.0,P00195,H,297.6,304.2,1461.0,44.6,159.0,0.0,No Failure,
55.0,P00055,M,300.1,302.5,1497.0,35.8,31.0,0.0,No Failure,
468.0,P00468,M,300.3,306.5,1473.0,44.1,199.0,0.0,No Failure,
445.0,P00445,L,295.7,308.0,1522.0,40.0,195.0,0.0,No Failure,
100.0,P00100,M,296.2,307.7,1413.0,34.5,181.0,0.0,No Failure,
371.0,P00371,H,302.1,304.6,1430.0,31.8,146.0,0.0,No Failure,
227.0,P00227,M,302.7,301.9,1453.0,31.9,41.0,0.0,No Failure,
230.0,P00230,L,295.8,301.8,1504.0,32.0,59.0,0.0,No Failure,
97.0,P00097,L,300.1,304.4,1525.0,30.5,46.0,0.0,No Failure,
106.0,P00106,M,298.7,306.0,1428.0,36.6,4.0,0.0,No Failure,
535.0,P00535,H,303.5,309.3,1588.0,46.1,240.0,1.0,Heat Failure,
547.0,P00547,H,303.3,309.1,1577.0,45.9,207.0,1.0,Power Failure,
370.0,P00370,L,296.3,306.6,1478.0,30.0,54.0,0.0,No Failure,
177.0,P00177,H,298.2,305.0,1524.0,36.4,106.0,0.0,No Failure,
660.0,P00660,M,304.1,308.7,1587.0,50.0,247.0,1.0,Heat Failure,
333.0,P00333,H,300.6,304.9,1516.0,30.7,147.0,0.0,No Failure,
891.0,P00891,L,304.8,309.3,1588.0,48.2,229.0,1.0,Heat Failure,
31.0,P00031,H,298.1,300.8,1505.0,38.0,187.0,0.0,No Failure,
82.0,P00082,H,296.0,304.1,1465.0,32.4,175.0,0.0,No Failure,
30.0,P00030,H,297.8,303.4,1431.0,31.8,106.0,0.0,No Failure,
894.0,P00894,M,304.6,308.6,1596.0,46.4,228.0,1.0,Heat Failure,
514.0,P00514,H,305.0,309.4,1576.0,47.8,217.0,1.0,Power Failure,
996.0,P00996,L,304.3,309.6,1580.0,47.1,215.0,1.0,Mechanical Failure,
783.0,P00783,L,303.9,308.3,1576.0,47.5,237.0,1.0,Heat Failure,
142.0,P00142,H,297.4,308.0,1403.0,32.5,197.0,0.0,No Failure,
50.0,P00050,H,300.3,306.2,1547.0,40.0,111.0,0.0,No Failure,
764.0,P00764,H,304.6,309.3,1578.0,46.3,213.0,1.0,Power Failure,
199.0,P00199,H,296.7,306.7,1474.0,36.7,165.0,0.0,No Failure,
924.0,P00924,H,303.3,309.8,1568.0,46.1,226.0,1.0,Mechanical Failure,
338.0,P00338,H,302.8,304.8,1527.0,44.2,66.0,0.0,No Failure,
236.0,P00236,M,298.3,305.0,1464.0,39.8,76.0,0.0,No Failure,
115.0,P00115,H,300.0,306.4,1424.0,41.1,65.0,0.0,No Failure,
466.0,P00466,M,302.5,302.3,1522.0,31.1,162.0,0.0,No Failure,
927.0,P00927,L,304.0,308.2,1584.0,46.6,224.0,1.0,Mechanical Failure,
281.0,P00281,M,299.0,303.5,1507.0,38.5,111.0,0.0,No Failure,
188.0,P00188,M,302.2,305.6,1475.0,31.0,10.0,0.0,No Failure,
654.0,P00654,M,303.9,309.1,1565.0,45.1,226.0,1.0,Mechanical Failure,
525.0,P00525,L,303.9,309.2,1594.0,45.0,226.0,1.0,Mechanical Failure,
331.0,P00331,H,300.0,300.6,1467.0,44.8,159.0,0.0,No Failure,
439.0,P00439,L,300.8,305.1,1500.0,32.2,177.0,0.0,No Failure,
843.0,P00843,H,304.7,308.7,1553.0,48.7,243.0,1.0,Power Failure,
357.0,P00357,L,302.4,302.9,1464.0,30.6,197.0,0.0,No Failure,
117.0,P00117,H,298.4,307.1,1535.0,38.6,71.0,0.0,No Failure,
984.0,P00984,L,303.4,309.7,1575.0,45.6,248.0,1.0,Mechanical Failure,
855.0,P00855,L,303.4,309.8,1587.0,49.5,233.0,1.0,Power Failure,
620.0,P00620,M,303.9,308.7,1563.0,46.0,201.0,1.0,Heat Failure,
963.0,P00963,H,303.1,308.4,1559.0,48.1,206.0,1.0,Power Failure,
5.0,P00005,H,299.1,304.8,1407.0,40.7,164.0,0.0,No Failure,
772.0,P00772,L,304.1,309.5,1554.0,46.3,200.0,1.0,Heat Failure,
486.0,P00486,M,297.4,303.3,1513.0,35.2,60.0,0.0,No Failure,
260.0,P00260,L,302.3,305.4,1408.0,43.1,144.0,0.0,No Failure,
628.0,P00628,L,303.8,309.8,1559.0,47.7,212.0,1.0,Heat Failure,
180.0,P00180,H,299.0,307.8,1415.0,42.2,144.0,0.0,No Failure,
810.0,P00810,M,303.4,308.2,1575.0,46.6,202.0,1.0,Power Failure,
169.0,P00169,M,302.7,306.4,1544.0,32.6,30.0,0.0,No Failure,
949.0,P00949,H,305.0,309.8,1595.0,50.0,208.0,1.0,Heat Failure,
728.0,P00728,L,303.8,309.2,1560.0,45.2,237.0,1.0,Power Failure,
313.0,P00313,H,298.6,304.7,1529.0,39.2,37.0,0.0,No Failure,
71.0,P00071,M,299.8,304.2,1503.0,39.3,169.0,0.0,No Failure,
787.0,P00787,M,304.8,308.8,1551.0,48.7,229.0,1.0,Mechanical Failure,
850.0,P00850,H,303.4,309.1,1589.0,49.9,231.0,1.0,Heat Failure,
512.0,P00512,H,303.5,309.6,1585.0,49.2,240.0,1.0,Heat Failure,
330.0,P00330,M,297.5,307.6,1422.0,38.9,94.0,0.0,No Failure,
753.0,P00753,M,304.2,309.9,1584.0,46.5,229.0,1.0,Mechanical Failure,
361.0,P00361,H,295.5,302.4,1462.0,41.2,181.0,0.0,No Failure,
33.0,P00033,H,301.5,303.3,1400.0,30.7,85.0,0.0,No Failure,
748.0,P00748,H,305.0,309.8,1586.0,49.5,213.0,1.0,Mechanical Failure,
856.0,P00856,M,303.7,308.8,1594.0,46.5,210.0,1.0,Heat Failure,
246.0,P00246,L,298.8,306.0,1414.0,33.4,31.0,0.0,No Failure,
670.0,P00670,H,304.6,310.0,1596.0,49.9,204.0,1.0,Power Failure,
610.0,P00610,H,304.9,309.3,1597.0,47.6,240.0,1.0,Power Failure,
158.0,P00158,H,296.1,307.1,1465.0,40.1,29.0,0.0,No Failure,
964.0,P00964,H,304.0,309.3,1585.0,48.9,218.0,1.0,Mechanical Failure,
506.0,P00506,M,304.2,308.7,1561.0,46.5,203.0,1.0,Power Failure,
446.0,P00446,L,299.5,305.8,1452.0,37.2,86.0,0.0,No Failure,
141.0,P00141,M,300.6,301.2,1472.0,38.2,69.0,0.0,No Failure,
66.0,P00066,H,296.4,307.3,1544.0,41.4,75.0,0.0,No Failure,
737.0,P00737,L,304.8,309.4,1593.0,45.1,229.0,1.0,Mechanical Failure,
836.0,P00836,H,303.1,309.6,1590.0,46.2,231.0,1.0,Power Failure,
120.0,P00120,L,302.7,304.7,1544.0,44.1,59.0,0.0,No Failure,
531.0,P00531,H,304.1,309.5,1580.0,46.3,239.0,1.0,Power Failure,
563.0,P00563,L,303.5,309.3,1598.0,46.3,202.0,1.0,Heat Failure,
172.0,P00172,M,296.5,306.0,1511.0,40.3,123.0,0.0,No Failure,
472.0,P00472,M,301.2,301.3,1488.0,31.4,137.0,0.0,No Failure,
148.0,P00148,H,300.2,300.8,1505.0,40.6,196.0,0.0,No Failure,
294.0,P00294,M,301.5,306.2,1449.0,36.2,142.0,0.0,No Failure,
605.0,P00605,L,304.3,309.4,1597.0,45.4,219.0,1.0,Mechanical Failure,
18.0,P00018,H,295.5,302.9,1521.0,30.1,39.0,0.0,No Failure,
937.0,P00937,H,303.2,308.7,1551.0,45.5,238.0,1.0,Heat Failure,
493.0,P00493,M,300.4,308.0,1482.0,30.5,190.0,0.0,No Failure,
644.0,P00644,L,304.9,308.2,1575.0,49.0,227.0,1.0,Power Failure,
910.0,P00910,H,303.6,309.4,1586.0,45.8,213.0,1.0,Power Failure,
483.0,P00483,L,295.8,307.5,1414.0,40.2,161.0,0.0,No Failure,
44.0,P00044,H,296.4,305.6,1546.0,30.8,58.0,0.0,No Failure,
621.0,P00621,L,304.9,309.0,1585.0,45.7,229.0,1.0,Mechanical Failure,
83.0,P00083,L,297.3,307.9,1543.0,44.7,199.0,0.0,No Failure,
899.0,P00899,L,303.5,309.0,1581.0,47.9,204.0,1.0,Mechanical Failure,
853.0,P00853,M,304.4,309.9,1567.0,48.3,243.0,1.0,Heat Failure,
581.0,P00581,L,303.9,309.1,1581.0,49.9,226.0,1.0,Mechanical Failure,
522.0,P00522,H,304.6,308.0,1557.0,49.0,220.0,1.0,Power Failure,
844.0,P00844,L,304.1,309.1,1571.0,45.8,233.0,1.0,Heat Failure,
972.0,P00972,M,303.0,308.1,1594.0,45.3,216.0,1.0,Heat Failure,
939.0,P00939,M,303.8,308.7,1584.0,45.1,209.0,1.0,Heat Failure,
208.0,P00208,M,300.0,307.0,1471.0,32.9,125.0,0.0,No Failure,
530.0,P00530,M,304.2,309.6,1586.0,49.3,234.0,1.0,Power Failure,
58.0,P00058,H,296.6,307.2,1441.0,34.8,193.0,0.0,No Failure,
306.0,P00306,L,299.7,301.6,1546.0,41.8,92.0,0.0,No Failure,
80.0,P00080,H,299.1,307.1,1446.0,31.6,79.0,0.0,No Failure,
568.0,P00568,L,303.5,308.9,1578.0,49.7,221.0,1.0,Heat Failure,
78.0,P00078,H,302.3,305.5,1425.0,40.8,81.0,0.0,No Failure,
429.0,P00429,L,299.0,303.3,1482.0,35.0,60.0,0.0,No Failure,
402.0,P00402,H,302.4,306.4,1471.0,33.7,114.0,0.0,No Failure,
499.0,P00499,M,300.0,302.9,1447.0,35.5,9.0,0.0,No Failure,
210.0,P00210,M,296.7,300.7,1445.0,35.9,61.0,0.0,No Failure,
511.0,P00511,L,304.7,308.6,1594.0,47.0,224.0,1.0,Heat Failure,
476.0,P00476,L,299.3,301.1,1488.0,34.6,159.0,0.0,No Failure,
714.0,P00714,H,304.7,308.8,1563.0,45.5,239.0,1.0,Heat Failure,
17.0,P00017,L,298.9,305.7,1453.0,36.4,0.0,0.0,No Failure,
204.0,P00204,L,299.7,302.2,1465.0,34.6,85.0,0.0,No Failure,
529.0,P00529,L,304.9,309.8,1570.0,45.9,242.0,1.0,Heat Failure,
312.0,P00312,M,298.9,305.3,1432.0,35.3,183.0,0.0,No Failure,
674.0,P00674,M,304.6,308.8,1559.0,47.4,213.0,1.0,Power Failure,
278.0,P00278,H,297.6,307.3,1499.0,31.6,145.0,0.0,No Failure,
275.0,P00275,L,295.7,307.4,1527.0,44.4,162.0,0.0,No Failure,
79.0,P00079,M,300.6,305.2,1422.0,31.2,115.0,0.0,No Failure,
36.0,P00036,M,302.3,305.3,1540.0,32.4,199.0,0.0,No Failure,
982.0,P00982,L,304.0,308.2,1568.0,47.0,204.0,1.0,Mechanical Failure,
886.0,P00886,H,303.4,309.5,1566.0,48.8,238.0,1.0,Mechanical Failure,
113.0,P00113,M,301.8,306.2,1503.0,32.9,140.0,0.0,No Failure,
773.0,P00773,M,303.9,308.8,1572.0,45.8,219.0,1.0,Power Failure,
715.0,P00715,H,304.5,310.0,1599.0,48.6,242.0,1.0,Heat Failure,
925.0,P00925,H,304.0,309.6,1589.0,46.3,206.0,1.0,Mechanical Failure,
704.0,P00704,L,304.4,309.6,1567.0,48.4,212.0,1.0,Heat Failure,
261.0,P00261,H,302.3,301.5,1412.0,37.7,193.0,0.0,No Failure,
744.0,P00744,L,304.9,309.2,1561.0,45.5,243.0,1.0,Mechanical Failure,
459.0,P00459,L,296.5,300.5,1519.0,38.4,87.0,0.0,No Failure,
389.0,P00389,M,303.0,302.3,1524.0,32.7,23.0,0.0,No Failure,
526.0,P00526,H,304.7,308.2,1559.0,47.3,218.0,1.0,Heat Failure,
297.0,P00297,M,301.6,304.4,1515.0,44.0,162.0,0.0,No Failure,
189.0,P00189,M,300.7,301.9,1414.0,40.4,60.0,0.0,No Failure,
562.0,P00562,M,304.9,309.2,1598.0,48.4,241.0,1.0,Heat Failure,
287.0,P00287,M,298.9,301.4,1424.0,40.0,172.0,0.0,No Failure,
782.0,P00782,H,303.7,308.3,1552.0,47.7,239.0,1.0,Heat Failure,
303.0,P00303,L,296.9,306.5,1468.0,42.3,126.0,0.0,No Failure,
386.0,P00386,L,295.7,306.4,1467.0,45.0,170.0,0.0,No Failure,
754.0,P00754,L,303.6,308.8,1560.0,45.5,229.0,1.0,Mechanical Failure,
818.0,P00818,H,303.9,309.8,1560.0,46.1,225.0,1.0,Mechanical Failure,
135.0,P00135,L,300.1,307.0,1447.0,37.1,32.0,0.0,No Failure,
775.0,P00775,M,303.2,308.8,1575.0,48.7,239.0,1.0,Power Failure,
592.0,P00592,H,305.0,309.1,1554.0,47.1,206.0,1.0,Power Failure,
916.0,P00916,H,303.2,308.8,1572.0,48.6,238.0,1.0,Power Failure,
214.0,P00214,M,300.4,301.7,1486.0,31.5,42.0,0.0,No Failure,
222.0,P00222,H,295.6,305.8,1460.0,30.3,145.0,0.0,No Failure,
709.0,P00709,H,304.5,308.9,1586.0,48.6,208.0,1.0,Power Failure,
627.0,P00627,H,303.6,309.9,1576.0,49.9,235.0,1.0,Power Failure,
241.0,P00241,L,298.6,307.8,1470.0,39.1,124.0,0.0,No Failure,
634.0,P00634,M,303.0,308.6,1582.0,48.5,210.0,1.0,Heat Failure,
864.0,P00864,L,303.8,308.0,1561.0,48.1,246.0,1.0,Power Failure,
129.0,P00129,H,298.3,303.9,1509.0,35.9,20.0,0.0,No Failure,
360.0,P00360,L,302.1,306.4,1537.0,32.2,9.0,0.0,No Failure,
930.0,P00930,M,304.0,309.7,1566.0,45.2,214.0,1.0,Heat Failure,
840.0,P00840,H,304.3,308.1,1567.0,45.1,217.0,1.0,Heat Failure,
436.0,P00436,L,300.3,301.1,1414.0,34.8,148.0,0.0,No Failure,
527.0,P00527,M,304.9,309.9,1599.0,46.8,222.0,1.0,Power Failure,
725.0,P00725,M,303.7,308.2,1567.0,49.2,213.0,1.0,Heat Failure,
646.0,P00646,L,303.9,308.1,1598.0,47.7,241.0,1.0,Heat Failure,
995.0,P00995,H,304.1,309.6,1599.0,48.8,219.0,1.0,Power Failure,
263.0,P00263,H,299.2,300.9,1463.0,37.5,113.0,0.0,No Failure,
751.0,P00751,L,304.7,309.8,1594.0,46.1,219.0,1.0,Heat Failure,
265.0,P00265,L,302.8,302.7,1437.0,30.2,179.0,0.0,No Failure,
398.0,P00398,L,302.2,300.0,1461.0,34.7,28.0,0.0,No Failure,
528.0,P00528,L,304.0,308.7,1556.0,47.8,249.0,1.0,Heat Failure,
942.0,P00942,L,304.3,309.1,1556.0,48.6,233.0,1.0,Heat Failure,
498.0,P00498,H,295.2,305.0,1422.0,30.5,110.0,0.0,No Failure,
885.0,P00885,M,303.7,308.3,1583.0,48.4,234.0,1.0,Heat Failure,
805.0,P00805,M,304.4,309.6,1579.0,46.6,232.0,1.0,Heat Failure,
303.7,884,2,309.0,1583.0,48.0,235.0,1.0,1.0,No Failure,No Failure
